date,quarter,RGDP,RCon,RInv,Hours,Infla,InRt,AAA10YMMean,BAA10YMean,Productivity,labshare,Rwage,TFP,SP500In,Rinr
1950-01-01,1950 Q1,9.581214035314728,8.977725812729467,8.275309646125171,4.1556526626605415,NA,NA,NA,NA,26.017,4.717560931567118,1.4588107610560557,-2.497384171299113,2.850128299695199,NA
1950-04-01,1950 Q2,9.607706101827697,8.992795750877134,8.344321566895664,4.1738895788232275,0.3417479054259344,NA,NA,NA,26.335,4.723317599695173,1.4524187467598206,-2.560061323388761,2.872999508171694,NA
1950-07-01,1950 Q3,9.641343263872185,9.005416874032237,8.475053374925997,4.188883270889923,2.1478159380860875,NA,NA,NA,26.904,4.7103046761040694,1.4180297016661008,-2.557477342622836,2.9678470700644555,NA
1950-10-01,1950 Q4,9.655795128300506,8.991492324763092,8.509997756475785,4.196903772788015,1.864575483181335,NA,NA,NA,26.953,4.71284901228595,1.4187544038720752,-2.4662811856648355,3.0160249768217535,NA
1951-01-01,1951 Q1,9.665166909622071,9.004630964510769,8.455423519190445,4.204845809476852,3.5417472230064724,NA,NA,NA,26.986,4.707762874744588,1.412444661735992,-2.887775132048899,3.0633909220278057,NA
1951-04-01,1951 Q2,9.678341998551245,8.997688735078428,8.42360958346779,4.205915347334507,0.6664063930012821,NA,NA,NA,26.902,4.7194180915398265,1.427217458253437,-3.2807512285862885,3.0426158594528414,NA
1951-07-01,1951 Q3,9.694185267410399,9.010839490944667,8.355980874098451,4.200354888650414,0.05711837939097366,NA,NA,NA,27.505,4.7018521517364205,1.3874843454089993,-1.909867557708384,3.1467351470905185,NA
1951-10-01,1951 Q4,9.691592993399809,9.01575826233598,8.287515425759878,4.2001001930184145,1.1355693353673444,NA,NA,NA,27.588,4.7115731580993305,1.394192262530286,-1.9863155636903522,3.1684242813721024,NA
1952-01-01,1952 Q1,9.69818391935025,9.017646577710163,8.300182140164296,4.2069789164009705,-0.04941234703297141,NA,NA,NA,27.727,4.716022593562847,1.3936159258677536,-2.430418464503931,3.193352867637115,NA
1952-04-01,1952 Q2,9.696401880595555,9.033622886011008,8.238388565873171,4.196074072529547,0.11995908717219769,NA,NA,NA,27.672,4.724170258532326,1.4037491868974588,-1.7987840841650193,3.217274543501227,NA
1952-07-01,1952 Q3,9.699288417222856,9.039494910643612,8.2543222395251,4.194572045982287,1.1150576628920708,NA,NA,NA,27.539,4.730145075929493,1.4145418941088626,-2.01066202628501,3.2003044392827653,NA
1952-10-01,1952 Q4,9.72704865890033,9.052327769736836,8.332919308342559,4.20286998677203,0.2716162828777683,NA,NA,NA,28.111,4.727414367032497,1.3912534082181778,-2.0010001153732735,3.279782759771722,NA
1953-01-01,1953 Q1,9.741733036682138,9.059062257184443,8.353932309333652,4.213986003690056,0.020863034256280444,NA,NA,NA,28.353,4.72929749853732,1.3845646538562912,-1.486335715300117,3.2304090606818736,NA
1953-04-01,1953 Q2,9.745780556506093,9.063133286411032,8.351250696409016,4.2013142986170555,0.19451204465543812,NA,0.32666666666666666,0.7666666666666666,28.422,4.731961414655714,1.3847979214860442,-1.303793139608147,3.1838702156693857,NA
1953-07-01,1953 Q3,9.73554216168668,9.060149318078299,8.330870540809181,4.188037543744283,0.42245292925954075,NA,0.35333333333333333,0.9466666666666667,28.544,4.734556750668731,1.3831099942711325,-1.1285561650411817,3.150596984114906,NA
1953-10-01,1953 Q4,9.715590481408988,9.055289118433613,8.261072812593673,4.172037195396026,0.1864190825367784,NA,0.49,1.1266666666666667,28.449,4.746704469881211,1.3985914593115103,-1.063052113269559,3.21124679770371,NA
1954-01-01,1954 Q1,9.706559843352812,9.061890751139554,8.236857358023752,4.162730008762695,0.3168046726812716,NA,0.5166666666666666,1.17,28.509,4.7498937123667275,1.3996738854694397,-0.9208008873520411,3.293612170982218,NA
1954-04-01,1954 Q2,9.703572127341126,9.066712212216324,8.237124551675008,4.155497002620949,0.08935015543403395,NA,0.53,1.1300000000000001,28.71,4.742651268308892,1.3854057741759196,-0.8442026554799011,3.3745111163996495,NA
1954-07-01,1954 Q3,9.710206155505832,9.074565726103756,8.265512339321253,4.1507728930544845,0.1304452486642718,1.0266666666666666,0.5366666666666666,1.14,29.228,4.734047012908977,1.3589198589800058,-0.758646162792641,3.475376779836407,0.8962214180023949
1954-10-01,1954 Q4,9.724719673941472,9.08116596446536,8.3107219232317,4.157827923842863,0.2740666326653145,0.9866666666666667,0.41333333333333333,0.98,29.554,4.72820164675648,1.3419825482750376,-0.7180548162661302,3.582963228522387,0.7126000340013522
1955-01-01,1955 Q1,9.748703338735261,9.086188056298973,8.399206062772718,4.168624656458048,0.4641963417591289,1.3433333333333333,0.31333333333333335,0.82,30.133,4.711150509525323,1.3055295928033888,-0.7509881802497953,3.5995016429627196,0.8791369915742044
1955-04-01,1955 Q2,9.760828918798548,9.091081364444745,8.447828160819917,4.179876523250919,0.41458583867216786,1.5,0.27,0.7366666666666667,30.238,4.712687374354564,1.3035879627965543,-0.722781985689636,3.714303506454095,1.085414161327832
1955-07-01,1955 Q3,9.769727562356604,9.09097808470039,8.469037334528196,4.19519088703117,0.6961604270336471,1.94,0.15333333333333335,0.61,30.351,4.716523707657323,1.3036942417654602,-0.6913487986185659,3.7766613674974696,1.243839572966353
1955-10-01,1955 Q4,9.770870027921289,9.098906560070745,8.480673388024575,4.203343800023591,0.9918987563113695,2.356666666666667,0.20666666666666667,0.6866666666666666,30.239,4.719400250644927,1.3102677686634479,-0.8117055166840805,3.8172726688823353,1.3647679103552974
1956-01-01,1956 Q1,9.762845222733661,9.099308991429496,8.447137625447661,4.20122327175016,0.9887601706049286,2.4833333333333334,0.19666666666666666,0.6933333333333334,29.877,4.737706083271511,1.3406171296538982,-0.7652878583376277,3.881151341761059,1.494573162728405
1956-04-01,1956 Q2,9.76703761939823,9.10047938316159,8.427493164875006,4.197652850420425,0.5925358043574712,2.6933333333333334,0.17666666666666667,0.64,30.023,4.745896880231778,1.343933125641721,-0.6354444704316562,3.8495091000389037,2.1007975289758622
1956-07-01,1956 Q3,9.761463052506711,9.097989294122387,8.41985006137767,4.197985311145687,1.2459797840855178,2.81,0.15,0.6599999999999999,30.017,4.748603640974144,1.3468397531402496,-0.6768802080960734,3.814410176561146,1.5640202159144823
1956-10-01,1956 Q4,9.772809228894012,9.104188165639464,8.416687279283527,4.196147432288251,0.40113925425857333,2.9266666666666667,0.20333333333333334,0.7866666666666666,30.339,4.748681611994955,1.3362475984068116,-0.6211986812473612,3.8431015599617244,2.5255274124080933
1957-01-01,1957 Q1,9.77468780514454,9.100114176292605,8.412621848980255,4.19326297712051,1.3659750020224968,2.933333333333333,0.2966666666666667,1.06,30.688,4.739972021258493,1.3161003225574652,-0.5523423039689243,3.786686514116848,1.5673583313108364
1957-04-01,1957 Q2,9.768412111339039,9.100346812412626,8.399513364723123,4.183123420066855,0.6981938867118385,3,0.14666666666666667,0.9033333333333333,30.566,4.747858277791777,1.3279699976861326,-0.4547603998330418,3.85798911693566,2.3018061132881615
1957-07-01,1957 Q3,9.773720494477063,9.109875540442662,8.398563283781911,4.179344829232159,0.5927998692837494,3.2333333333333334,0.14333333333333334,0.9,30.998,4.741892731463869,1.30797004518901,-0.38846050929234055,3.7476199491365363,2.640533464049584
1957-10-01,1957 Q4,9.758750756069444,9.112781553517296,8.318782191443125,4.1611496703507,0.06914108198378453,3.2533333333333334,0.36333333333333334,1.4033333333333333,31.106,4.749495612853901,1.3120948862315331,-0.26618154100577845,3.688629422858727,3.184192251349549
1958-01-01,1958 Q1,9.728717411895008,9.104659489216322,8.245859572766644,4.14193834044695,1.074943167411484,1.8633333333333333,0.5666666666666667,1.6833333333333333,30.685,4.759914975011812,1.3361410391707513,-0.24884604866658286,3.7400477406883357,0.7883901659218493
1958-04-01,1958 Q2,9.73145290361031,9.112575009324338,8.216032287671062,4.137105933042068,0.29173541066117176,0.9400000000000001,0.6566666666666666,1.69,31.268,4.7484563457899975,1.3058611354319134,-0.2378765509162745,3.81198165124792,0.6482645893388284
1958-07-01,1958 Q3,9.749986661550366,9.11898934013765,8.277187694854856,4.142622365571047,0.6055756008730848,1.3233333333333333,0.37,1.19,31.855,4.747598136620368,1.2864037810519169,-0.2383841007304946,3.913222286003628,0.7177577324602484
1958-10-01,1958 Q4,9.768526567102011,9.119823403058502,8.348067281808012,4.151768417238375,0.47325001512671766,2.163333333333333,0.29333333333333333,1.08,32.396,4.73035685807705,1.2523218996903063,-0.22602269206505327,4.011144096295953,1.6900833182066155
1959-01-01,1959 Q1,9.783238979939952,9.130925550929495,8.390910736186962,4.1585318369630615,0.2327291594290302,2.57,0.14,0.88,32.435,4.73413491726909,1.2548968306040713,-0.2775997371102685,4.015301354881648,2.3372708405709695
1959-04-01,1959 Q2,9.801676286389442,9.141328618621918,8.446891909005982,4.170743292673053,0.15281643610854853,3.0833333333333335,0.09666666666666666,0.6966666666666667,32.747,4.730683267706385,1.2418719128743756,-0.2772038281641536,4.068513802187579,2.930516897224785
1959-07-01,1959 Q3,9.798127036878302,9.149210822063527,8.401752211532067,4.165913643213362,0.38406484860261636,3.5766666666666667,-0.03,0.6133333333333334,32.791,4.7311418255500275,1.2409877380557228,-0.23041996028498593,4.040943785494986,3.19260181806405
1959-10-01,1959 Q4,9.79657027019005,9.156610540540187,8.39868420162651,4.161113074003765,0.38865658931247404,3.99,-0.013333333333333334,0.69,32.688,4.738835319668881,1.251827281593614,-0.1860886433631986,4.092509546276371,3.601343410687526
1960-01-01,1960 Q1,9.81290617430489,9.15447608850531,8.47178633904965,4.1566096272021245,0.40526291667649483,3.9333333333333336,0.06666666666666667,0.8233333333333334,33.45,4.735803633623295,1.2257518470490572,-0.11272087006411878,4.01349597435878,3.528070416656839
1960-04-01,1960 Q2,9.801454826970977,9.163088973399296,8.402213856445856,4.167095169636826,0.24718910485436635,3.6966666666666668,0.19333333333333333,0.9866666666666667,32.931,4.755889270335082,1.2614748069617931,-0.12069978523778481,4.041646773221651,3.4494775618123006
1960-07-01,1960 Q3,9.801399454452342,9.156207365819373,8.384570529085023,4.1645036548136405,0.3486418535086998,2.9366666666666665,0.48,1.27,33.13,4.751976821359518,1.251537605047714,-0.09706171284313124,3.9800554158199732,2.5880248131579666
1960-10-01,1960 Q4,9.784478765953926,9.160126608246587,8.285463535184329,4.153429351237505,0.2935979819541462,2.296666666666667,0.43333333333333335,1.21,32.694,4.766395779487311,1.2792042046582952,-0.06251390538924231,4.062337766087015,2.0030686847125208
1961-01-01,1961 Q1,9.787852208937204,9.164742212836822,8.279661914183619,4.1468537910648005,0.2151566691831151,2.0033333333333334,0.48333333333333334,1.2766666666666666,33.116,4.761481387349815,1.2614648380732556,-0.06892144546642182,4.175309921045206,1.7881766641502184
1961-04-01,1961 Q2,9.800845560564248,9.171714754929075,8.328447445874442,4.141015007576027,0.23256517831856602,1.7333333333333334,0.49333333333333335,1.2266666666666666,33.988,4.747442019428079,1.2214344982867844,-0.04175993424823165,4.16883341421284,1.5007681550147673
1961-07-01,1961 Q3,9.81569405158546,9.170425282451749,8.383113857047654,4.140544619632726,0.2557926501038236,1.6833333333333333,0.45666666666666667,1.1266666666666667,34.566,4.737241763600983,1.1943712236226818,-0.01582455034697146,4.200654626915515,1.4275406832295097
1961-10-01,1961 Q4,9.830809327038143,9.180159037755269,8.405608079219865,4.148044075394615,0.314381728223179,2.4,0.43666666666666665,1.14,34.857,4.735610556321564,1.18435657845273,-0.04929529172487751,4.27039650600246,2.085618271776821
1962-01-01,1962 Q1,9.844957610345725,9.185291700331655,8.440127602672181,4.149552084422848,0.5139273502547291,2.4566666666666666,0.39333333333333337,1.0466666666666666,35.431,4.730656806029507,1.1630696628820751,-0.010555513939516587,4.242045918369452,1.9427393164119375
1962-04-01,1962 Q2,9.850455905984322,9.194030019860241,8.434829844951716,4.153300041880073,0.1589591456554165,2.6066666666666665,0.42333333333333334,1.14,35.288,4.737723600547925,1.1741806377452864,-0.026857454169882642,4.00277736869661,2.44770752101125
1962-07-01,1962 Q3,9.858803944909488,9.198770848834675,8.442307319016905,4.151513873615077,0.2115532316297308,2.8466666666666667,0.3466666666666667,1.0566666666666666,35.877,4.726989509309186,1.1468930876544055,0.02215280464113328,4.030161533445187,2.635113435036936
1962-10-01,1962 Q4,9.858019364488982,9.206243318818089,8.427950657296662,4.14414927353379,0.20524856934193317,2.9233333333333333,0.35333333333333333,1.0533333333333335,36.149,4.729218001313056,1.141568715608186,0.06691070528262681,4.144720769547168,2.7180847639914
1963-01-01,1963 Q1,9.865629909979887,9.2068180706724565,8.458925085245381,4.143110726610126,0.4384049108534449,2.966666666666667,0.30333333333333334,1,36.255,4.7308861173029255,1.140308814479369,0.06090693490352136,4.198254025612612,2.528261755813222
1963-04-01,1963 Q2,9.873543676163056,9.210598648240293,8.475062653735465,4.148030264094569,0.17482521935294132,2.9633333333333334,0.25666666666666665,0.89,36.528,4.727865580672113,1.1297864908846729,0.06391332574365285,4.23945449739721,2.788508113980392
1963-07-01,1963 Q3,9.891465577308802,9.224265076351292,8.493948468383012,4.146824869805955,0.1338259880291695,3.33,0.2533333333333333,0.8033333333333333,37.428,4.7140245909001735,1.0916055034865069,0.11573649848259676,4.272490747605575,3.1961740119708306
1963-10-01,1963 Q4,9.894144037532975,9.22320019802317,8.504439877222248,4.148858621746869,0.8049848015045815,3.453333333333333,0.21333333333333332,0.72,37.4,4.719962085988446,1.0982913815679605,0.11315009793265578,4.317754744653741,2.6483485318287516
1964-01-01,1964 Q1,9.911902051137146,9.238489523158895,8.531641802296468,4.160632595738321,0.31673843751029407,3.4633333333333334,0.19666666666666666,0.65,37.686,4.708241082467281,1.0789524097669827,0.16551443847757333,4.369194655858504,3.146594895823039
1964-04-01,1964 Q2,9.919557732713622,9.251788843902755,8.535179980578478,4.169982121215434,0.22972672634651212,3.49,0.20666666666666667,0.65,37.896,4.710781670150688,1.075936104529237,0.1408917386974817,4.4029315953537775,3.260273273653488
1964-07-01,1964 Q3,9.931443128549459,9.26405691825267,8.550919398262128,4.16472034512169,0.40075624713206287,3.4566666666666666,0.21666666666666667,0.63,38.287,4.708728077895542,1.063617664914312,0.17151335807735127,4.432957363342425,3.055910419534604
1964-10-01,1964 Q4,9.931005438572868,9.268785348434271,8.544890319374844,4.164956538164187,0.4503613347013286,3.5766666666666667,0.2566666666666667,0.6366666666666667,37.919,4.72244642657888,1.0869941208478053,0.16432729342167599,4.43970574626056,3.126305331965338
1965-01-01,1965 Q1,9.95213484935765,9.275293354164312,8.630621042524606,4.173287219360643,0.5049512870952543,3.973333333333333,0.21666666666666667,0.5833333333333333,38.458,4.709043596452904,1.0594768597245088,0.16024634914209704,4.456206032848133,3.4683820462380788
1965-04-01,1965 Q2,9.96199228190869,9.287106762191227,8.625504197523425,4.177291848784771,0.4573566031061602,4.076666666666666,0.23666666666666666,0.6133333333333333,38.636,4.709647311571777,1.0554628272547277,0.17024897555968538,4.432244350834499,3.6193100635605058
1965-07-01,1965 Q3,9.980633761712781,9.299274203270329,8.649412427743759,4.178132490499035,0.3823451382610793,4.073333333333333,0.25,0.6433333333333333,39.426,4.695787553571705,1.0213620564279196,0.23846556741199434,4.499365127091115,3.690988195072254
1965-10-01,1965 Q4,10.000160439796389,9.319070759843383,8.663965953246121,4.181928688814623,0.6879029391814133,4.166666666666667,0.13999999999999999,0.49333333333333335,40.11,4.6895940515889185,0.9979683718069569,0.25897390831503725,4.526451601276686,3.4787637274852536
1966-01-01,1966 Q1,10.021714933900778,9.328459671183206,8.720095947916432,4.186285743882121,0.6389088096651651,4.556666666666667,0.043333333333333335,0.39666666666666667,40.653,4.690420847160298,0.9853482131516114,0.2838999291563206,4.49121730591206,3.9177578570015017
1966-04-01,1966 Q2,10.022514258957768,9.33673753982389,8.694029460763675,4.186376726773178,0.8162860393653202,4.913333333333333,0.22333333333333333,0.71,40.37,4.702750514326955,1.004663579462106,0.26834633614503856,4.439587745198413,4.0970472939680125
1966-07-01,1966 Q3,10.02791513091118,9.339998027971328,8.692092144284523,4.186467269196956,0.9621240784230535,5.41,0.18,0.7266666666666667,40.504,4.706164182260713,1.004763447593106,0.27558418725364436,4.338074747144699,4.447875921576947
1966-10-01,1966 Q4,10.033023473885162,9.341753800365886,8.694321829569327,4.186716550461851,0.834331419106846,5.5633333333333335,0.38,1.1333333333333333,40.76,4.7017522838343355,0.9940510754798114,0.3034323825430128,4.386143150185721,4.729001914226488
1967-01-01,1967 Q1,10.039372423556493,9.348901214455017,8.666587917747387,4.176698890906704,0.41456973797063446,4.823333333333333,0.5366666666666666,1.2966666666666666,41.086,4.702442076742298,0.9867746458719786,0.3590720685384538,4.502029427068578,4.408763595362699
1967-04-01,1967 Q2,10.037537560656384,9.354894709133426,8.649980893804893,4.171944937667908,0.5091251384365476,3.9899999999999998,0.44333333333333336,1.16,41.242,4.709241871460989,0.9897847168829146,0.38967442220184023,4.506895616719751,3.480874861563452
1967-07-01,1967 Q3,10.044118682275874,9.358803374354684,8.66347500760499,4.175413838839862,0.9523121474109761,3.8933333333333335,0.37,1.0833333333333335,41.455,4.7089624726173245,0.9843539710491427,0.37864189406428866,4.571716809728872,2.9410211859223576
1967-10-01,1967 Q4,10.0488425203955,9.359968964305674,8.675780488372625,4.177489020039782,1.105798219565148,4.173333333333333,0.38333333333333336,1.08,41.574,4.7100525873675,0.9825776154942003,0.4028617222380495,4.569232079182462,3.067535113768185
1968-01-01,1968 Q1,10.066923561388053,9.375412408514348,8.705821971157677,4.168941321556733,1.1040628761717424,4.786666666666666,0.5166666666666667,1.22,42.505,4.704064842962306,0.9544431268929837,0.441282600973558,4.502029427068578,3.682603790494924
1968-04-01,1968 Q2,10.081173380925554,9.387508055654616,8.730377992335528,4.178503270712288,1.045889128951525,5.98,0.51,1.28,42.9,4.700062096511833,0.9411902705778623,0.4575514213064959,4.600961341214036,4.934110871048476
1968-07-01,1968 Q3,10.086184039035157,9.399671127734413,8.722853285291162,4.176027085975193,0.9792499326069015,5.943333333333333,0.6166666666666667,1.4033333333333333,42.921,4.709440107163888,0.9500788905115815,0.45355661557541826,4.6315199613108735,4.964083400726432
1968-10-01,1968 Q4,10.087432790446181,9.400743848539369,8.727958574039091,4.171337209602376,1.4010913604164894,5.916666666666667,0.47333333333333333,1.2566666666666666,42.817,4.717855807430984,0.9609205874431049,0.4407035435341834,4.6430438384161725,4.515575306250177
1969-01-01,1969 Q1,10.100902955277606,9.408412938861762,8.769699219264973,4.175426320250302,1.0257010856295081,6.566666666666666,0.5233333333333333,1.2,43.161,4.711654070430864,0.9467167607078582,0.436576103133217,4.62015731579634,5.540965581037158
1969-04-01,1969 Q2,10.101641447146731,9.415169525150029,8.75770301674342,4.175396960763505,1.2650608031742363,8.326666666666666,0.5333333333333333,1.2333333333333334,42.808,4.724747167117195,0.9680221661081909,0.4171960309838631,4.582003907956252,7.06160586349243
1969-07-01,1969 Q3,10.105407467398711,9.418107486782258,8.759839247450586,4.176189574310164,1.3940723644942254,8.983333333333333,0.20666666666666667,1.06,42.857,4.731476792585352,0.9736078003233528,0.412109650826833,4.533888983983128,7.589260968839107
1969-10-01,1969 Q4,10.097572976250325,9.424770399625759,8.722315145611073,4.17234393756046,1.2797030541774175,8.94,0.17,1.0766666666666667,42.651,4.745340740522104,0.9922900202004332,0.40719694095292314,4.5224405383890955,7.660296945822582
1970-01-01,1970 Q1,10.093653263353131,9.431368139108187,8.687854860492944,4.165506286923953,1.3998147799664882,8.573333333333334,0.5266666666666666,1.3900000000000001,42.788,4.749504268876546,0.9932465794326616,0.4367053438442209,4.4956900853692705,7.173518553366846
1970-04-01,1970 Q2,10.091956839916318,9.42994240504117,8.689101697253825,4.151100328303639,1.3851218301362573,7.88,0.4266666666666667,1.2633333333333334,43.421,4.735970352207099,0.9650271571608056,0.48168513401957347,4.286616449869223,6.4948781698637426
1970-07-01,1970 Q3,10.097737680195356,9.437986978840325,8.690603562211605,4.140372799556316,0.8164440287168185,6.703333333333333,0.76,1.95,44.109,4.731415096561641,0.9447512532980109,0.5156937551628512,4.4343818650078095,5.886889304616514
1970-10-01,1970 Q4,10.08351481277671,9.441459180748653,8.628501024406399,4.1339374083449405,1.3143672240550528,5.566666666666666,1.0533333333333332,2.4233333333333333,43.708,4.736119497909567,0.958588346201068,0.5128236264286637,4.523417684115833,4.252299442611614
1971-01-01,1971 Q1,10.107244390050148,9.437702112509827,8.734105349782574,4.129657899146095,1.507441868770584,3.8566666666666665,1.2,2.513333333333333,44.997,4.716979861040097,0.9103840401587648,0.542208004994659,4.608265390895394,2.3492247978960825
1971-04-01,1971 Q2,10.109729065774982,9.440678819044507,8.754933646588963,4.126621940485328,1.304482070672563,4.5633333333333335,1.2266666666666666,2.36,45.129,4.716613165898276,0.9070881105144797,0.5431960037964414,4.592084946439436,3.2588512626607704
1971-07-01,1971 Q3,10.11484188327536,9.444060996421559,8.765494227081753,4.126288271389004,1.0131443430404203,5.473333333333333,1.0733333333333333,2.22,45.559,4.711528203975007,0.892520014715049,0.5923318753211291,4.5884308619837935,4.460188990292912
1971-10-01,1971 Q4,10.114113079291366,9.45286297337295,8.754801697837987,4.133215474849088,0.8300245380037828,4.75,1.41,2.5233333333333334,45.164,4.723317599695173,0.9130172903768976,0.5607579925141997,4.625854777180924,3.9199754619962173
1972-01-01,1972 Q1,10.129945604818168,9.457609783072769,8.79441181437825,4.134412885816191,1.507598617294391,3.54,1.2,2.1999999999999997,45.871,4.723130983621656,0.8972978745089829,0.5696792665597005,4.674696248636701,2.032401382705609
1972-04-01,1972 Q2,10.150035081629355,9.472734121642558,8.837609622951225,4.136958012439284,0.6204601095609106,4.3,1.1333333333333333,2.08,46.776,4.711231456060181,0.8658612051868119,0.5845035034432017,4.674136390452814,3.6795398904390892
1972-07-01,1972 Q3,10.156849882434335,9.483533193133598,8.853890699934501,4.138128570831596,0.9529101915728388,4.74,0.9166666666666667,1.8800000000000001,47.047,4.712615526886707,0.861468424843565,0.5997152357673927,4.705467907303455,3.7870898084271616
1972-10-01,1972 Q4,10.170801087594812,9.496489562117324,8.873454916959071,4.1387580620195505,1.2676343540758348,5.1433333333333335,0.7633333333333333,1.62,47.447,4.71665789201789,0.8570445934074887,0.6181542015185152,4.771108263531522,3.875698979257499
1973-01-01,1973 Q1,10.193092774549758,9.506385837967043,8.921235644315916,4.142437225992769,1.145318003083941,6.536666666666667,0.6166666666666666,1.3633333333333333,48.52,4.714508778595126,0.8325326945192765,0.6404318228879509,4.714203947012214,5.391348663582726
1973-04-01,1973 Q2,10.201701469897316,9.511787646188935,8.937794778560919,4.148202266798561,1.524450750283143,7.816666666666666,0.5,1.2866666666666666,48.537,4.716944091823081,0.8346176981317719,0.6277549617928931,4.64688777933996,6.292215916383523
1973-07-01,1973 Q3,10.193953247114495,9.516248641400136,8.90507068171012,4.14942399967595,1.9298599215022878,10.56,0.38,1.26,48.08,4.730762648535957,0.8578963583090047,0.6050260971647659,4.68610480348409,8.630140078497712
1973-10-01,1973 Q4,10.200959051807608,9.517976866422897,8.917531666273291,4.152002368647795,1.9709510923926266,9.996666666666666,0.8966666666666666,1.6833333333333333,47.781,4.733756873684075,0.8671288027463215,0.6123166626453966,4.5803650670691205,8.02571557427404
1974-01-01,1974 Q1,10.190281730926614,9.523096091697985,8.861857927357734,4.1452472053670455,1.871943655062112,9.323333333333334,0.8433333333333334,1.49,47.675,4.736294934967587,0.8718877834811039,0.5945967568306683,4.54308199367467,7.451389678271222
1974-04-01,1974 Q2,10.190506905437811,9.529276417637139,8.868650737297362,4.1385166291364,2.333564678029852,11.25,0.8200000000000001,1.52,47.534,4.7291208294557165,0.8676755849965416,0.6096568700609197,4.454347296253507,8.916435321970148
1974-07-01,1974 Q3,10.178464252490356,9.526677322847751,8.835647338378571,4.133526441359199,2.8893995083389443,12.09,1.0233333333333334,1.8466666666666667,47.05,4.7380213473077495,0.8868104812763612,0.5781851620902637,4.15166962884137,9.200600491661056
1974-10-01,1974 Q4,10.171986805571136,9.518176845137459,8.806888632519412,4.116229077407525,2.8995798058897657,9.346666666666666,1.3466666666666667,2.9,47.482,4.726369601389936,0.8660189095364599,0.6072624414027756,4.227709274289524,6.4470868607769
1975-01-01,1975 Q1,10.157703323404748,9.51915419081979,8.699758757953534,4.088859171501357,2.2461932714277935,6.303333333333334,1.1666666666666667,3.1066666666666665,47.858,4.716362662653844,0.8481243695967196,0.6589697287583588,4.423168578005057,4.057140061905541
1975-04-01,1975 Q2,10.162422867948395,9.52915145778896,8.692870098442041,4.0823228805261405,1.4755511278367122,5.42,0.8233333333333334,2.58,48.625,4.706525692292035,0.8223878903534251,0.6843586745268659,4.555874894263214,3.9444488721632878
1975-07-01,1975 Q3,10.176449310831199,9.535149481525666,8.753280734514867,4.087896861688584,1.7503716174275585,6.16,0.6166666666666667,2.2866666666666666,49.218,4.696682252994143,0.8004228427454753,0.6737094866674702,4.42926798099632,4.409628382572442
1975-10-01,1975 Q4,10.187236901960196,9.54057413294519,8.776047731777965,4.092514318073199,1.658161312423527,5.413333333333333,0.7466666666666667,2.5166666666666666,49.263,4.697685554853237,0.8005122626754267,0.6521168310019534,4.501918556177617,3.7551720209098063
1976-01-01,1976 Q1,10.207325906555994,9.553353761401942,8.848795977244164,4.104874711812816,1.053702552196612,4.826666666666666,0.8033333333333333,2.5033333333333334,49.992,4.69064121057719,0.7787782179504092,0.6538864666066427,4.632493481636982,3.7729641144700543
1976-04-01,1976 Q2,10.212515179007287,9.559033332819551,8.879045817171093,4.103553648036812,1.0010866924116995,5.196666666666667,0.76,2.123333333333333,50.462,4.688932122593406,0.7677115448112174,0.6710549340851292,4.647079589065301,4.195579974254968
1976-07-01,1976 Q3,10.215410916235928,9.569556529612429,8.883806883876504,4.103341951911895,1.2856592566649938,5.283333333333333,0.7333333333333334,1.8900000000000001,50.585,4.693519833760443,0.7698647441025894,0.6687007876550191,4.656243456172092,3.997674076668339
1976-10-01,1976 Q4,10.219975716829579,9.577054089851519,8.892969395146505,4.101551919993959,1.7738407376149143,4.873333333333333,0.9933333333333334,2.0233333333333334,50.731,4.693528988125931,0.7669918245397627,0.6877325478584465,4.677118685300675,3.0994925957184187
1977-01-01,1977 Q1,10.229404275217824,9.585277874693364,8.933591661087387,4.104592316831478,1.5993438296328284,4.66,0.68,1.7533333333333334,51.055,4.6919348658838285,0.7590313828763271,0.70275091670264,4.589244035437832,3.0606561703671717
1977-04-01,1977 Q2,10.246261321304372,9.590167377863336,8.97896261925124,4.115607269097672,1.399473381535484,5.156666666666666,0.6433333333333333,1.6266666666666667,51.259,4.691907358720503,0.7550161463634762,0.6921466802263617,4.609958702719888,3.7571932851311822
1977-07-01,1977 Q3,10.261336806702628,9.599486954167801,9.013268078921566,4.116868798889688,1.2105379442332431,5.82,0.59,1.4733333333333334,51.796,4.687745069611761,0.7404321434051675,0.7218803993828178,4.569853840860524,4.609462055766757
1977-10-01,1977 Q4,10.258536174730276,9.603433988865536,9.013252318037937,4.124210717374924,2.1362982234570174,6.513333333333333,0.5066666666666667,1.3466666666666667,51.136,4.7004258188502135,0.7659370687064038,0.7028004375880836,4.554928969551344,4.377035109876315
1978-01-01,1978 Q1,10.25937718820102,9.614531487861228,9.012329077768463,4.122476486989908,1.4442878514568545,6.756666666666667,0.44,1.1866666666666665,51.16,4.71441913189272,0.779461155182078,0.7166195367450874,4.490993140925692,5.312378815209812
1978-04-01,1978 Q2,10.294752311243151,9.626495292817884,9.072429055121951,4.140410020327759,1.8928907873621619,7.283333333333333,0.35,1.15,52.169,4.69396829914689,0.7394798504005736,0.7190098400856727,4.559440334281917,5.390442545971172
1978-07-01,1978 Q3,10.301827335701704,9.631751315598287,9.084674538818168,4.140270581106085,1.6832025191690432,8.1,0.26333333333333336,1.01,52.203,4.693428285496134,0.7382883209945834,0.7188636590645815,4.630252966355554,6.416797480830956
1978-10-01,1978 Q4,10.312280450736967,9.635615123683245,9.101514603537593,4.144710009149941,2.028255551726207,9.583333333333334,0.20666666666666667,0.9666666666666667,52.541,4.691714787388277,0.7301209701943863,0.7144682622636291,4.565493368835193,7.555077781607126
1979-01-01,1979 Q1,10.311516039047453,9.642269872965947,9.095737408416205,4.144273885619064,1.8039852725939058,10.073333333333334,0.18666666666666668,1.05,52.067,4.710079599914829,0.7575482491491909,0.7107906157325405,4.620945105103454,8.269348060739429
1979-04-01,1979 Q2,10.309985460456241,9.647178194068886,9.085241918146027,4.135563375735456,2.4200469296436253,10.18,0.27666666666666667,1.28,51.971,4.707049649809262,0.756363779103724,0.7323198156344173,4.6338548198480005,7.759953070356374
1979-07-01,1979 Q3,10.314371286671152,9.6559667455128,9.080314831656748,4.1411652462148165,2.164252042181568,10.946666666666667,0.18666666666666668,1.29,51.9,4.709575245342881,0.7602564551710387,0.7050757514252192,4.694279361059867,8.7824146244851
1979-10-01,1979 Q4,10.313774350923506,9.666580120641546,9.059303169604318,4.141548152945612,1.838528477074698,13.576666666666666,0.09666666666666665,1.37,51.847,4.716487922120044,0.7681908483276743,0.7066555305847376,4.681575517190497,11.738138189591968
1980-01-01,1980 Q1,10.314072863338863,9.673518313820086,9.0480740927166,4.134287068843034,2.077758833573645,15.046666666666667,0.15666666666666665,1.4933333333333334,52.098,4.714248781014328,0.7611222207077655,0.743555083103791,4.625854777180924,12.968907833093022
1980-04-01,1980 Q2,10.290483144360632,9.662467459330554,8.948756673743407,4.112846913455595,2.351966770362485,12.686666666666667,0.7266666666666667,2.8800000000000003,51.566,4.723335370838392,0.7804728302592737,0.7296237473699627,4.738301498591274,10.334699896304183
1980-07-01,1980 Q3,10.286297970079486,9.667454937740787,8.908805351462055,4.106557866473408,2.2089750780808366,9.836666666666666,0.6233333333333333,2.2133333333333334,51.775,4.728829257216629,0.7819218499349813,0.7200325093413273,4.831986982668597,7.627691588585829
1980-10-01,1980 Q4,10.302062309939538,9.675553397339984,8.969640547599155,4.113933771792692,2.572868246791713,15.853333333333333,0.4066666666666667,2.2466666666666666,52.296,4.723424221817588,0.7665043355071595,0.7078879988814438,4.910888620925971,13.280465086541621
1981-01-01,1981 Q1,10.31943090493192,9.67475610399004,9.035719637292939,4.11912260013285,2.5995382021485445,16.57,0.20333333333333334,2.2866666666666666,53.105,4.702360415572592,0.7300893297990894,0.7272587101887131,4.912654885736052,13.970461797851456
1981-04-01,1981 Q2,10.309719033572193,9.675107433295716,8.996743182380374,4.117212033197881,1.961861788763454,17.78,0.23333333333333334,2.02,52.42,4.7123280853835645,0.7530398874883045,0.7085282825982477,4.876799093117625,15.818138211236548
1981-07-01,1981 Q3,10.31890299149746,9.671242440584235,9.036308630232293,4.106707725556691,1.8642063156617947,17.576666666666668,0.07333333333333333,1.63,52.925,4.704282220484515,0.735406403463586,0.7469248862404164,4.755140712564386,15.712460351004873
1981-10-01,1981 Q4,10.30534616505018,9.66975996077813,8.989691566027874,4.099942495919899,1.7144489527409368,13.586666666666666,0.53,2.5966666666666667,52.375,4.713118350792211,0.7546889725499091,0.7400784752443775,4.808519109974122,11.872217713925728
1982-01-01,1982 Q1,10.28755876795662,9.671142369184123,8.920839436906476,4.083911441754177,1.3664782945431477,14.226666666666667,0.7166666666666667,2.7399999999999998,52.135,4.731379839981878,0.7775433317403216,0.7493384602096879,4.718141664647253,12.860188372123519
1982-04-01,1982 Q2,10.289905747724058,9.668790538960405,8.915371594701762,4.088048125570924,1.2907129556693486,14.513333333333334,0.58,2.85,52.141,4.726210134363836,0.7722585469092936,0.7347208924698736,4.696928611227632,13.222620377663985
1982-07-01,1982 Q3,10.283532283297381,9.675973688820173,8.901365064715328,4.0830372517302465,1.4076717388961344,11.006666666666666,0.6366666666666667,3.1333333333333333,52.239,4.727670964463507,0.7718416220981513,0.7237733741017061,4.790985632036302,9.598994927770532
1982-10-01,1982 Q4,10.281444421227691,9.688825377363814,8.850627145389558,4.074837360947345,1.0309058896170318,9.286666666666667,1.21,3.723333333333333,52.68,4.722810989307713,0.7585751124326329,0.7259531322851228,4.946203433936867,8.255760777049636
1983-01-01,1983 Q1,10.292518354180867,9.69745384312064,8.86637185131491,4.076117014125546,0.7528716249755467,8.653333333333332,1.28,3.27,53.357,4.715807753483603,0.7388025753458004,0.7206164225494902,5.030176449303092,7.900461708357786
1983-04-01,1983 Q2,10.31294468191383,9.710774211909456,8.9362773358972,4.083770662675951,0.7393675940401812,8.803333333333335,1.0266666666666668,2.7066666666666666,54.51,4.6991522114585225,0.700768040382333,0.714859747465595,5.121818823056871,8.063965739293153
1983-07-01,1983 Q3,10.330290057291649,9.726762090779673,8.978455716616615,4.104826779875972,1.0579828705658252,9.459999999999999,0.7166666666666667,1.9,54.754,4.685440560051361,0.6825901346627252,0.6914457339201877,5.112409386218662,8.402017129434174
1983-10-01,1983 Q4,10.34858995368279,9.734395230975691,9.05205334199564,4.111997293901996,0.7552627372136728,9.43,0.7233333333333333,1.92,55.048,4.686067912644082,0.6778623807439031,0.6936470556015963,5.105521141460061,8.674737262786326
1984-01-01,1984 Q1,10.366025885670592,9.738583143539822,9.11837628606884,4.121805396358711,1.0065229359613725,9.686666666666667,0.34,1.8,55.251,4.6908615254447446,0.6789750856631659,0.7107414889608964,5.070035637377703,8.680143730705295
1984-04-01,1984 Q2,10.381149283523685,9.750740103197932,9.141018060890698,4.133869189465037,0.8523022621300722,10.556666666666667,0.013333333333333329,1.5,55.58,4.6866764375432295,0.668853013228872,0.725565966815446,5.031613700481447,9.704364404536594
1984-07-01,1984 Q3,10.388318216025032,9.756574789747953,9.147479826381627,4.1304545573166855,0.8846269696034813,11.39,0.12333333333333334,1.8433333333333333,55.83,4.688343373208845,0.6660320138865758,0.734912729792413,5.112590016619249,10.50537303039652
1984-10-01,1984 Q4,10.39405944727485,9.763367531308178,9.141533280418365,4.131742271497819,0.7462021613080506,9.266666666666667,0.6066666666666667,1.8633333333333333,55.9,4.6900350942945135,0.6664707141334605,0.7396490142113652,5.119429906488365,8.520464505358618
1985-01-01,1985 Q1,10.401835654791006,9.778492772991951,9.123303366791408,4.136472632274283,0.9832701593086863,8.476666666666667,0.6733333333333333,1.81,56.068,4.688490593054346,0.6619253532535347,0.7619733714897978,5.1966168117216975,7.49339650735798
1985-04-01,1985 Q2,10.408496290980555,9.787675073043433,9.13363507294842,4.136790176508141,0.6416069503709009,7.923333333333333,0.8166666666666667,2.2066666666666666,56.245,4.6888033632811705,0.6590862150363812,0.7575763207156349,5.256713816692962,7.281726382962432
1985-07-01,1985 Q3,10.421090160581143,9.800182002797685,9.140205507245549,4.135831417798856,0.6009875721298449,7.9,0.6933333333333334,2.1333333333333333,56.96,4.683565383415465,0.6412161163117446,0.7699693231612298,5.204446150937966,7.299012427870156
1985-10-01,1985 Q4,10.425994681075956,9.808072415348514,9.152185379447586,4.138986425506179,0.5574394148418277,8.1033333333333335,0.8166666666666667,2.216666666666667,57.189,4.696125442318202,0.649763870118253,0.7649560833063781,5.353184267988877,7.5458939184915055
1986-01-01,1986 Q1,10.4332919348999,9.816185274048193,9.154663558607211,4.138271879899762,0.4965217507225464,7.826666666666667,1.0166666666666666,2.46,57.876,4.693345884891817,0.6350430940169817,0.7823020918708383,5.476045054331764,7.33014491594412
1986-04-01,1986 Q2,10.43567341342345,9.815274432416656,9.154686941250466,4.133863669495178,0.37888400970275277,6.92,1.4,2.67,58.33,4.696235003343803,0.6301184625782569,0.7974621498245845,5.52481528567482,6.541115990297247
1986-07-01,1986 Q3,10.442725690738797,9.819826427608872,9.163065300967581,4.1353001252842905,0.40794744280780615,6.206666666666666,1.5233333333333334,2.873333333333333,58.579,4.703067924264551,0.6326916536832539,0.798812649714727,5.443802033290018,5.79871922385886
1986-10-01,1986 Q4,10.445695557530787,9.828139327816261,9.156543307479655,4.138225493881951,0.5437323358372066,6.266666666666667,1.4133333333333333,2.83,58.458,4.714661159547802,0.6463526118765426,0.7929020136969376,5.48963995887241,5.72293433082946
1987-01-01,1987 Q1,10.451175341034686,9.840874582488318,9.153314071622928,4.146565084143248,0.6330035361365423,6.22,1.1733333333333333,2.466666666666667,58.191,4.717909411883741,0.6541787082794764,0.7744506316239801,5.675725876873676,5.586996463863457
1987-04-01,1987 Q2,10.459812216373336,9.850883004462204,9.162752998056005,4.150612984454373,0.6906507356349231,6.65,0.8233333333333334,2.013333333333333,58.594,4.712875949401256,0.6422436471389069,0.7939874954860169,5.717027701406222,5.959349264365077
1987-07-01,1987 Q3,10.465984899076615,9.857035126265353,9.170340246628836,4.1538951863723765,0.7540720355809523,6.843333333333334,0.88,2.0300000000000002,58.604,4.715055449517334,0.6442524958782677,0.8005206688282748,5.774023455819012,6.0892612977523815
1987-10-01,1987 Q4,10.480522176412455,9.863096597737135,9.203389965948249,4.159223941056388,0.7935030411477648,6.916666666666667,1.09,2.256666666666667,59.173,4.713899022478673,0.6334336657064039,0.8033011890518376,5.509712170827698,6.123163625518902
1988-01-01,1988 Q1,10.483689974079939,9.875442727783323,9.181048688892592,4.15560485553428,0.7803772273524242,6.663333333333333,1.14,2.336666666666667,59.379,4.720808701581985,0.6368680730752774,0.8289884034713584,5.556403261059811,5.882956105980909
1988-04-01,1988 Q2,10.494657376983609,9.884119443159,9.189908007858463,4.160351264537298,0.9686880470786539,7.156666666666666,0.9,2.0700000000000003,59.525,4.721334133851161,0.6349377414782348,0.8334307260070014,5.611301621862036,6.187978619588012
1988-07-01,1988 Q3,10.497891165957215,9.89520748337992,9.178717249558812,4.1616677756284925,1.1885552351047903,7.983333333333333,0.8633333333333333,1.9733333333333332,59.686,4.71926643378648,0.630168946751369,0.8417826796990935,5.605471129189412,6.794778098228543
1988-10-01,1988 Q4,10.508650155427521,9.903596981378668,9.193153681525516,4.169369313439775,0.8613808455066384,8.47,0.5533333333333333,1.5566666666666666,59.827,4.712911864426311,0.621454800350722,0.8410498104834407,5.626613411885073,7.608619154493362
1989-01-01,1989 Q1,10.516752429223827,9.909811947695903,9.210036373151196,4.176052192263887,1.035848640458366,9.443333333333333,0.48,1.4366666666666668,59.86,4.7100615916310185,0.6180530892064654,0.8349939047881818,5.686534581246648,8.407484692874966
1989-04-01,1989 Q2,10.522099746707825,9.915663227793589,9.198828852079167,4.177668772054999,1.0595494644084344,9.726666666666667,0.7133333333333333,1.5933333333333333,60.05,4.698724279320207,0.6035467307942148,0.826978528193466,5.761988487720563,8.667117202258233
1989-07-01,1989 Q3,10.526721795621047,9.91968403359104,9.193931907019206,4.17956449166175,0.7277614074792135,9.083333333333334,0.86,1.78,60.341,4.695915416794763,0.5959036104467831,0.8366412801986747,5.8555016292920445,8.35557192585412
1989-10-01,1989 Q4,10.525970823344906,9.928395305368621,9.174478875864091,4.17571351144888,0.7096183468421957,8.613333333333333,0.9833333333333334,1.9066666666666667,60.351,4.704816406113138,0.6046388886985935,0.8336914255522537,5.867600559885596,7.903714986491138
1990-01-01,1990 Q1,10.534573141833395,9.934433000717165,9.187060430298866,4.1766163467901025,1.0734014211248013,8.25,0.77,1.6733333333333333,60.914,4.7052417397123065,0.5957787063585052,0.8366845955561415,5.828769131449206,7.176598578875199
1990-04-01,1990 Q2,10.535078427396968,9.93937385765495,9.164181618821344,4.1687549095766325,1.114019016411265,8.243333333333332,0.72,1.6333333333333333,61.339,4.707844095950587,0.5914282399731765,0.8394960768950823,5.880588850762045,7.129314316922067
1990-07-01,1990 Q3,10.532229536403737,9.947848140024652,9.139648577661871,4.161128455394245,0.8536197073304093,8.16,0.7000000000000001,1.7133333333333334,61.542,4.709259894512472,0.5895400259591433,0.84070474491756,5.723748487297079,7.306380292669591
1990-10-01,1990 Q4,10.519537682711107,9.946923340769533,9.083544627853366,4.1554245525722235,0.7409862823809074,7.743333333333333,0.8966666666666667,2.2,60.909,4.7182399091958755,0.6088589621476619,0.8380264418780298,5.799759099003687,7.002347050952426
1991-01-01,1991 Q1,10.51178465517968,9.938504880833875,9.047976539867204,4.146057472395207,0.9754217445546665,6.426666666666667,0.9166666666666666,2.1866666666666665,61.092,4.711860816650616,0.5994798919424172,0.8445798843201546,5.927512520615465,5.451244922112
1991-04-01,1991 Q2,10.516346161867236,9.942525389816845,9.041412729634594,4.141782255194809,0.731471707296361,5.863333333333333,0.78,1.79,62.086,4.709575245342881,0.5810547246536427,0.855351060434799,5.916633236484978,5.131861626036972
1991-07-01,1991 Q3,10.517835002606233,9.941924546908059,9.051269363101527,4.139967061317228,0.7776112570239504,5.6433333333333335,0.8466666666666667,1.7433333333333334,62.618,4.706353991322406,0.5693012146119363,0.8526691235768302,5.960644449768095,4.865722076309384
1991-10-01,1991 Q4,10.517889100523476,9.942176478797494,9.058844456805735,4.137105280879467,0.5928021523051403,4.816666666666666,1.1,2.0533333333333332,62.913,4.711465264805693,0.5697124451886018,0.8490392005169196,6.0333020258495615,4.2238645143615265
1992-01-01,1992 Q1,10.526855838488157,9.958445225359801,9.049968164083815,4.136727352038692,0.3707850019630961,4.023333333333333,0.9766666666666667,1.9,64.158,4.715315237478071,0.5539664464754968,0.892243910715602,6.000647256682635,3.6525483313702374
1992-04-01,1992 Q2,10.534307099477882,9.963019144485889,9.081816439513034,4.140622833123586,0.5990501859045021,3.77,0.9,1.7533333333333334,64.703,4.712004614901918,0.5421970466183959,0.8864086773922344,6.011610252800939,3.170949814095498
1992-07-01,1992 Q3,10.54046112829013,9.970804527643368,9.087805675488976,4.139837146718771,0.4873419843879405,3.256666666666667,1.3633333333333333,2.086666666666667,65.292,4.709737387055093,0.5308678697633044,0.8889195350780231,6.035002849122465,2.769324682278726
1992-10-01,1992 Q4,10.54736570428927,9.978946427036334,9.106201517764376,4.1392812228994105,0.6853793446755013,3.0366666666666666,1.28,2.1266666666666665,65.686,4.7014980296150695,0.5166122166334935,0.8855428229253747,6.076976884432196,2.3512873219911654
1993-01-01,1993 Q1,10.546104305546345,9.980295219650248,9.116887285133336,4.141682446844581,0.5592880372114293,3.04,1.4533333333333334,2.123333333333333,65.117,4.6958149542101415,0.5196293023731253,0.8559885580657731,6.11295182469226,2.480711962788571
1993-04-01,1993 Q2,10.54888777459834,9.984096653404348,9.126761952093494,4.148305610507379,0.5925640551060173,3,1.4166666666666667,2.15,64.716,4.703494002043789,0.5334855359006986,0.8468977803658638,6.110424667506004,2.4074359448939826
1993-07-01,1993 Q3,10.55022423527341,9.990080307568922,9.123583929241189,4.15178265293258,0.593413277340062,3.06,1.2766666666666666,2.006666666666667,65.019,4.696590993799716,0.5219114589253411,0.8312120315158404,6.128897692983784,2.466586722659938
1993-10-01,1993 Q4,10.560541125447834,9.993664166426482,9.159020226406001,4.155177768567546,0.5438833889957831,2.99,1.2366666666666666,1.9466666666666665,65.273,4.694498875932881,0.5159204014187762,0.8473692864077332,6.14515083340697,2.446116611004217
1994-01-01,1994 Q1,10.567514834522221,9.999579453999397,9.187712321746032,4.158557856274258,0.47652628532240904,3.2133333333333334,1.0933333333333333,1.78,65.474,4.682260848352655,0.5006077310804764,0.831865099871768,6.099803123936366,2.7368070480109243
1994-04-01,1994 Q2,10.57803787856365,10.004644931337493,9.2200069350507885,4.167700712434158,0.48139167750698075,3.94,0.8633333333333334,1.5133333333333334,65.509,4.685117504496842,0.5029299667146272,0.8281150409704298,6.096432485717521,3.4586083224930193
1994-07-01,1994 Q3,10.580657778572933,10.010064631341779,9.209681296398768,4.170191836981309,0.5726440327500976,4.486666666666666,0.84,1.5066666666666666,65.146,4.684314028264679,0.5076831233553536,0.8255779677404349,6.137100507955185,3.9140226339165687
1994-10-01,1994 Q4,10.588980514159214,10.013922384082534,9.242433519290584,4.1757266169546465,0.5412025616473188,5.166666666666667,0.7333333333333333,1.37,65.838,4.676355319378613,0.4891581401418965,0.8394960768950823,6.129638272412099,4.625464105019348
1995-01-01,1995 Q1,10.589836678595073,10.016808438414108,9.23919949617449,4.17352894181138,0.5396909883796792,5.8100000000000005,0.7966666666666667,1.3933333333333333,65.89,4.677407123132692,0.4894204382069637,0.8435479812274704,6.216027091175606,5.270309011620322
1995-04-01,1995 Q2,10.58998769037428,10.024513757638422,9.22233022027859,4.164000628698321,0.4796172263493014,6.02,1.04,1.6133333333333333,66.199,4.676643977446516,0.48397862035782724,0.8609471408348796,6.300326973824729,5.540382773650698
1995-07-01,1995 Q3,10.595233752180444,10.027788680517332,9.22187596494257,4.169172259189898,0.49121001591416497,5.796666666666667,1.11,1.73,66.186,4.679015266445962,0.4865463062306624,0.863775638762854,6.3706027912975625,5.305456650752502
1995-10-01,1995 Q4,10.598932092144757,10.030709086660922,9.235144843443015,4.168462222383731,0.4805204950395962,5.72,1.0933333333333335,1.7466666666666666,66.564,4.679154579077664,0.4809906882165661,0.8677725307194296,6.4231333207127825,5.2394795049604035
1996-01-01,1996 Q1,10.603908217062571,10.03860996365155,9.241752365826992,4.163800081459216,0.4809722411981329,5.363333333333333,1.14,1.8,66.984,4.680620827785944,0.476167042883813,0.8949036499925073,6.470025210286697,4.8823610921352
1996-04-01,1996 Q2,10.617613139481264,10.047919432830952,9.27349489321749,4.170151849810087,0.41297143885988885,5.243333333333333,0.89,1.5766666666666667,67.623,4.676206301961927,0.4622581400939941,0.8826098455052663,6.508217569088763,4.8303618944734446
1996-07-01,1996 Q3,10.623276664042494,10.052538093421557,9.294744721054952,4.176345571433183,0.3266971664480937,5.306666666666667,0.8099999999999999,1.5133333333333334,67.878,4.676690527396948,0.45897855122456366,0.882278829282449,6.532814526236512,4.979969500218573
1996-10-01,1996 Q4,10.630432112679363,10.058720644848357,9.293655959774828,4.180201658900745,0.5335378510147035,5.28,0.8866666666666667,1.5733333333333335,67.933,4.676476379680761,0.45795445434362814,0.8895770783557316,6.607649686531299,4.746462148985296
1997-01-01,1997 Q1,10.634219493423345,10.063843015955893,9.311545610911065,4.181924667474737,0.5941482543533737,5.276666666666666,0.8633333333333333,1.5066666666666666,67.782,4.684166192214589,0.46786951924174247,0.8799171617597958,6.6295217613499675,4.682518412313293
1997-04-01,1997 Q2,10.647850524480344,10.068899059928045,9.332727750814529,4.185100305674711,0.2022054556480219,5.523333333333333,0.8766666666666667,1.49,68.787,4.675237147100868,0.4442223735039014,0.8935951239419667,6.785745824587275,5.321127877685312
1997-07-01,1997 Q3,10.656953425768018,10.07821019747754,9.351489453505431,4.1880050328149725,0.43269169069195285,5.533333333333333,0.9266666666666666,1.5133333333333334,69.364,4.673417446242727,0.43404944530642425,0.9121622212903749,6.853594720022701,5.1006416426413805
1997-10-01,1997 Q4,10.662399065120399,10.086147313915681,9.359339392078471,4.18807358258544,0.3279722891957023,5.506666666666667,0.97,1.53,69.718,4.684073783583557,0.4396152495164577,0.9095077795773227,6.877739272238541,5.178694377470965
1998-01-01,1998 Q1,10.669769017083574,10.09365169055393,9.383589779562444,4.188978991257304,0.14556918107060218,5.52,1.08,1.6666666666666665,70.12,4.6943433912089425,0.4441353311559083,0.9168505751326691,7.004655103722096,5.3744308189293974
1998-04-01,1998 Q2,10.67625427432424,10.104426327228339,9.384598425074676,4.188401798017063,0.2359324754964693,5.5,1.04,1.6566666666666665,70.504,4.700725790218832,0.44505634442147285,0.9354657112601961,7.03336538085865,5.264067524503531
1998-07-01,1998 Q3,10.685583814855978,10.11239733460026,9.401894775827973,4.184496019375066,0.4291139350750782,5.533333333333333,1.2866666666666666,1.9233333333333333,71.464,4.70044400149488,0.43125017509534147,0.9518509072727059,6.924622228841909,5.104219398258255
1998-10-01,1998 Q4,10.698581930003753,10.118458667615611,9.433209603749942,4.194539877961186,0.2753619172439654,4.86,1.6633333333333333,2.58,72.018,4.699143108425847,0.4222270206545845,0.9462766273644116,7.1141432360763055,4.584638082756035
1999-01-01,1999 Q1,10.705489138008156,10.127360098712009,9.446150089841977,4.192361029962512,0.3760717516294209,4.733333333333333,1.4366666666666665,2.42,72.969,4.701434455958156,0.41139976253655663,0.9702105738635856,7.159579577257243,4.357261581703913
1999-04-01,1999 Q2,10.710409747354918,10.13749894222037,9.450995139070907,4.19073908535412,0.3615404228664952,4.746666666666667,1.3933333333333333,2.2,73.148,4.700098474699476,0.40761368868708975,0.9654998558867018,7.224542167144024,4.385126243800172
1999-07-01,1999 Q3,10.720245200685072,10.147022152685482,9.467005453744157,4.191014267946544,0.3419299428053309,5.093333333333334,1.4433333333333334,2.216666666666667,73.848,4.696965103582488,0.3949561768946373,0.9696798285330587,7.156730306330612,4.751403390528003
1999-10-01,1999 Q4,10.73408966854992,10.16138753203359,9.48169160589386,4.193370336819642,0.5360824133967372,5.306666666666667,1.3466666666666667,2.1,74.976,4.696946857571521,0.3797787952461362,0.9911384303628767,7.29250734549276,4.770584253269929
2000-01-01,2000 Q1,10.735178542544132,10.171496307232365,9.487151037889964,4.195377858652703,0.6780390145591703,5.676666666666667,1.2333333333333334,1.8499999999999999,74.87,4.729580104163053,0.413826827920459,0.9947321581807177,7.312273272051751,4.998627652107497
2000-04-01,2000 Q2,10.750835411673373,10.182604039276784,9.514941070279068,4.192991638301277,0.6041458273619696,6.273333333333333,1.59,2.4166666666666665,76.387,4.707627491406459,0.3718149667804037,1.0094167098636389,7.28248622772044,5.6691875059713634
2000-07-01,2000 Q3,10.749463110495258,10.190977444185549,9.504505922218465,4.1867400640229375,0.5685980972804751,6.52,1.7133333333333334,2.4266666666666667,76.329,4.7220372467119365,0.3869843019961545,1.0117099966375904,7.269971839759542,5.951401902719525
2000-10-01,2000 Q4,10.75301863171864,10.198605387217109,9.50041371147142,4.1852951862463055,0.5272822853830436,6.473333333333334,1.8366666666666667,2.6466666666666665,77.159,4.713145280653389,0.3672770527827878,1.028583166172777,7.1855991142980145,5.94605104795029
2001-01-01,2001 Q1,10.747874036118608,10.20080757918404,9.463155605017919,4.1808836190867655,0.6091440821610722,5.593333333333334,2.0266666666666664,2.83,76.824,4.735355988361517,0.39383889702584585,1.0307616217599351,7.056459726401484,4.984189251172261
2001-04-01,2001 Q2,10.7513495394883,10.201749597177786,9.452826359918012,4.169004666640123,0.6029460574438339,4.326666666666666,1.9533333333333334,2.7666666666666666,78.223,4.717042454091395,0.3574787321371865,1.0454927663374483,7.110524679711841,3.7237206092228323
2001-07-01,2001 Q3,10.744580487844381,10.199025823424266,9.437968948634891,4.159680773798623,0.40203702539370273,3.4966666666666666,2.1266666666666665,2.9699999999999998,78.54,4.713055511629029,0.34944746247916464,1.0470382531220617,6.947139440315499,3.094629641272964
2001-10-01,2001 Q4,10.74475296854853,10.199346840366099,9.42413198307717,4.150695659809948,0.32944025003480315,2.1333333333333333,2.1533333333333333,3.1533333333333333,79.544,4.707293467452934,0.3309831397751613,1.061913725552069,7.045846260862676,1.8038930832985303
2002-01-01,2002 Q1,10.751285287964983,10.20273125360691,9.433641216429482,4.147744002147952,0.32960023868651944,1.7333333333333334,1.5466666666666666,2.88,81.271,4.690760553822274,0.2929713044693951,1.07881766133993,7.045245076773334,1.4037330946468138
2002-04-01,2002 Q2,10.755090418788047,10.211415851038767,9.43533742213757,4.151317491733103,0.3569794437600606,1.75,1.6133333333333333,2.9233333333333333,81.377,4.693574758696378,0.2944820808967036,1.0761962493837776,6.897523108415888,1.3930205562399394
2002-07-01,2002 Q3,10.757008864157203,10.214449153701871,9.43651566244346,4.149168724018666,0.4604520063158714,1.74,2.09,3.3666666666666667,81.994,4.688766571860925,0.28212049800548816,1.0819068600964052,6.703531612520438,1.2795479936841285
2002-10-01,2002 Q4,10.756114047641395,10.220717332555369,9.426279936291289,4.14473654874519,0.5649454994339701,1.4433333333333334,2.2733333333333334,3.5933333333333333,81.956,4.688214538062439,0.2820320201774861,1.080991279910707,6.779717341095433,0.8783878338993633
2003-01-01,2003 Q1,10.759561079588272,10.22934491306393,9.421744609651835,4.138906132600592,0.4533271040929876,1.25,2.0833333333333335,3.2,82.817,4.680184889793537,0.2635515354666981,1.0838031730144015,6.743092877417999,0.7966728959070124
2003-04-01,2003 Q2,10.765913264918073,10.232297467727397,9.431963897367742,4.137492723054034,0.2933820755407523,1.2466666666666666,1.69,2.8533333333333335,83.859,4.68401833430577,0.25488151727055103,1.100410670609489,6.881924518947615,0.9532845911259142
2003-07-01,2003 Q3,10.780267929314824,10.24322416437488,9.458985206903439,4.1319424768414175,0.5406794681818917,1.0166666666666666,1.4633333333333334,2.5733333333333333,85.763,4.674005711763522,0.2224180337095797,1.1154366290584123,6.90371713664904,0.4759871984847749
2003-10-01,2003 Q4,10.789298458156308,10.247238542890218,9.480179342214003,4.135424639593211,0.589467270130976,0.9966666666666667,1.37,2.3766666666666665,86.588,4.675423595995766,0.2142623581581573,1.1077702264528753,7.013843529776502,0.4071993965356907
2004-01-01,2004 Q1,10.792674266718224,10.255126946532672,9.483289793404673,4.138965934567097,0.7412275511223687,1.0033333333333334,1.4366666666666665,2.2533333333333334,86.282,4.667214975359619,0.2095939737642544,1.1052899434213501,7.026613292198607,0.2621057822109647
2004-04-01,2004 Q2,10.798084670325027,10.25957749742388,9.506682252326874,4.1342229598820746,0.8127228023935723,1.01,1.3266666666666667,2.063333333333333,87.095,4.67158507065407,0.20458559372464422,1.1186763197038514,7.0395201121589395,0.1972771976064277
2004-07-01,2004 Q3,10.805009764705105,10.26634046187592,9.519889832584319,4.136250799903597,0.6510992569919027,1.4333333333333333,1.34,2.146666666666667,87.492,4.677872170203837,0.20632480959154262,1.128559365036062,7.016232931317529,0.7822340763414306
2004-10-01,2004 Q4,10.81249180235931,10.275377110768575,9.536913969355846,4.136594688992479,0.7682976047824438,1.95,1.3133333333333335,2.013333333333333,87.917,4.668332760945732,0.19193957336155817,1.1361007330791013,7.0999611578500685,1.181702395217556
2005-01-01,2005 Q1,10.82139697362574,10.27821092222441,9.554807935980131,4.1344149031375474,0.789066457901477,2.4699999999999998,1.0233333333333334,1.67,88.911,4.655796758165776,0.1681608887672199,1.1412885629485459,7.073769592501361,1.6809335420985227
2005-04-01,2005 Q2,10.823849983780336,10.285207143480479,9.550769728178299,4.141322882419706,0.6978636868494872,2.9433333333333334,0.9866666666666667,1.8133333333333335,88.688,4.656262460172434,0.1711378674949858,1.1412246794719854,7.082825609061898,2.245469646483846
2005-07-01,2005 Q3,10.830183957124165,10.29518550305565,9.558002092670042,4.141916531595049,0.9005719439941362,3.46,0.88,1.7666666666666666,89.388,4.650831651355974,0.15784520637383384,1.1424377682081392,7.113801500381127,2.5594280560058635
2005-10-01,2005 Q4,10.833977003810096,10.301766531067043,9.568207226334376,4.142900658194351,0.8010390477404863,3.98,0.89,1.8466666666666667,89.465,4.648124305912689,0.15427681856886424,1.1384097585421757,7.129529893730101,3.178960952259514
2006-01-01,2006 Q1,10.84499758754313,10.30611404146097,9.586307399708431,4.147311525721805,0.6959644299256644,4.456666666666667,0.8200000000000001,1.7366666666666666,90.125,4.654712448213244,0.15351485260813091,1.147211958504172,7.16611924522276,3.7607022367410026
2006-04-01,2006 Q2,10.845075592184445,10.311087999347299,9.574329643345866,4.148017221608873,0.8325977500206595,4.906666666666667,0.8233333333333334,1.6666666666666665,90.022,4.6480476665487584,0.1479935816457244,1.1356190142972054,7.146929647368874,4.074068916646008
2006-07-01,2006 Q3,10.844041536545962,10.315270291575215,9.567737902907787,4.1509528674318785,0.6976011610090971,5.246666666666667,0.7833333333333333,1.6966666666666665,89.74,4.647884788395628,0.15096818784779117,1.1276531574525237,7.197323072344129,4.54906550565757
2006-10-01,2006 Q4,10.849958252911415,10.31700666876031,9.554974178241231,4.154769466699362,0.3684586288391987,5.246666666666667,0.7566666666666667,1.65,90.494,4.656594971730275,0.15131142156476807,1.1332391328111635,7.257214250300562,4.878208037827468
2007-01-01,2007 Q1,10.850113484206355,10.3209711186681,9.54260404671873,4.15201423494441,0.9785146259008918,5.256666666666667,0.6833333333333333,1.6166666666666667,90.744,4.669955551657044,0.16191319640030283,1.1309181234200252,7.2590176010759855,4.278152040765775
2007-04-01,2007 Q2,10.853580497818749,10.32281435309254,9.544677393695634,4.1481465207530075,0.6445359225887214,5.25,0.73,1.6466666666666667,91.131,4.659213196438972,0.14691516465634658,1.1236300516433975,7.315451230241661,4.605464077411279
2007-07-01,2007 Q3,10.856418748505275,10.32718580808583,9.535134211173801,4.143949243652131,0.5133009968099125,5.073333333333333,1.0233333333333334,1.9,92.017,4.6494167101076505,0.12744336752011828,1.121351775637599,7.330896572103244,4.56003233652342
2007-10-01,2007 Q4,10.859940861562688,10.334622250215391,9.518345420201273,4.140794026705882,0.39694330872697525,4.496666666666667,1.27,2.25,92.744,4.650726555647125,0.12088354627902524,1.1277179138067635,7.291901410717735,4.099723357939692
2008-01-01,2008 Q1,10.85199374877264,10.340043636420631,9.48045588121702,4.140343653874763,0.36863635731878314,3.1766666666666667,1.7933333333333334,3.0866666666666664,91.998,4.666086529955364,0.1443196922730567,1.111758826337997,7.1874303810320015,2.808030309347884
2008-04-01,2008 Q2,10.854952359417938,10.347694167544939,9.462403342531,4.135021603994522,0.5344611317350231,2.0866666666666664,1.7133333333333334,3.1033333333333335,92.902,4.652168269148674,0.12062309503532051,1.1138949121992665,7.154615356913663,1.5522055349316433
2008-07-01,2008 Q3,10.847082118937628,10.345653029356946,9.429363020898709,4.124515305162763,0.7420004363198652,1.94,1.79,3.3433333333333333,93.125,4.65066922605931,0.11672654935958597,1.1194601211809478,7.061643067113544,1.1979995636801348
2008-10-01,2008 Q4,10.822853550927212,10.322679687543996,9.343336277593988,4.10779358828138,0.31211143242869144,0.5066666666666667,2.5633333333333335,5.586666666666667,92.541,4.665766572111785,0.13811478255343113,1.1166159131076845,6.80599937002775,0.19455523423797527
2009-01-01,2009 Q1,10.809546113844034,10.311938570763399,9.24774088554162,4.083163636486732,-0.010528421483497936,0.18333333333333332,2.5366666666666666,5.476666666666667,93.416,4.628105157270587,0.09104252049717346,1.131240808159837,6.681945676910808,0.19386175481683127
2009-04-01,2009 Q2,10.80604440495564,10.312921149262525,9.192340411468534,4.0674221746145784,-0.14540552784746247,0.18,2.2,4.67,95.344,4.637317867198409,0.0798264631937865,1.1624005284149768,6.82363426631673,0.32540552784746246
2009-07-01,2009 Q3,10.807381764073732,10.32032428133504,9.195325226026368,4.055655091239406,0.10538741385152696,0.15666666666666668,1.75,3.1433333333333335,96.801,4.6275283685987585,0.05487104379107464,1.1628070007101066,6.963265668909704,0.05127925281513972
2009-10-01,2009 Q4,10.815991122155705,10.323910989432044,9.235958907312755,4.05092343314822,0.3375450767157785,0.12,1.74,2.8666666666666667,98.125,4.618066667723111,0.03182449162053913,1.167858461404924,7.016699365971316,-0.2175450767157785
2010-01-01,2010 Q1,10.817836400172942,10.327915503008137,9.24670605949375,4.054002371171978,0.2516278495613701,0.13333333333333333,1.5766666666666667,2.57,98.592,4.60215564682722,0.01116552441296268,1.157981220474943,7.064271729594139,-0.11829451622803674
2010-04-01,2010 Q2,10.825203541055348,10.329032433795248,9.28295801757543,4.062201049893606,0.46384889008279473,0.19333333333333333,1.5533333333333332,2.6866666666666665,98.882,4.606189666141557,0.012262446099513184,1.1534160807087837,6.938003164139856,-0.27051555674946137
2010-07-01,2010 Q3,10.83057973810414,10.33295500002441,9.30777451482423,4.065122205963328,0.29037566262262415,0.18666666666666668,1.7933333333333332,2.9899999999999998,99.432,4.603428670429788,0.003954676986578208,1.1609922317514696,7.039835619339345,-0.10370899595595748
2010-10-01,2010 Q4,10.833602291003352,10.336627170959373,9.308648310844024,4.061983357897118,0.5606668053802394,0.18666666666666668,1.9933333333333334,3.0500000000000003,99.73,4.600459106257972,-0.0020074281558043893,1.153321409140163,7.136992227784899,-0.37400013871357274
2011-01-01,2011 Q1,10.829570186872752,10.343080416292443,9.294712995797106,4.06059661746611,0.5359566749610789,0.15666666666666668,1.67,2.63,99.005,4.6206596031842215,0.025489249274463513,1.1472754606473907,7.1897939573986225,-0.37929000829441223
2011-04-01,2011 Q2,10.835041211076195,10.3488101657476,9.312398238786129,4.062528954026397,0.6546986833893208,0.09333333333333334,1.8266666666666667,2.64,99.261,4.605750017853101,0.007997273192871336,1.1441591036240801,7.185871746564217,-0.5613653500559874
2011-07-01,2011 Q3,10.83281296268074,10.349348541443874,9.31383060900113,4.063009768739816,0.6423231143670581,0.08333333333333334,2.0366666666666666,3.0366666666666666,98.835,4.610376609015461,0.016924815981567615,1.1411927362032281,7.031228759966886,-0.5589897810337248
2011-10-01,2011 Q4,10.842420014891108,10.349506777334021,9.36814196394253,4.068681371922424,0.15208665785876022,0.07333333333333333,1.8800000000000001,3.2066666666666666,99.483,4.5868941927928475,-0.013092582503089005,1.1481957888569376,7.136960421674942,-0.07875332452542688
2012-01-01,2012 Q1,10.848598950218477,10.355560183040831,9.38468687804103,4.069939377062435,0.6231619525674603,0.10333333333333333,1.8599999999999999,3.163333333333333,99.854,4.602326145536356,-0.001382973613219299,1.160960913732645,7.2502592878350685,-0.519828619234127
2012-04-01,2012 Q2,10.851276951469654,10.354788434594182,9.396403560333747,4.067711504076914,0.39490990011571625,0.15333333333333335,1.9766666666666666,3.27,100.326,4.598508043114541,-0.009916840594046005,1.1606163507760183,7.216826954112388,-0.2415765667823829
2012-07-01,2012 Q3,10.850714777975867,10.35194231159798,9.393437016488388,4.067895624081632,0.5121598887447578,0.14333333333333334,1.8133333333333335,3.23,100.084,4.596815381605338,-0.009194451780197233,1.153384524515089,7.272863562139682,-0.3688265554114245
2012-10-01,2012 Q4,10.849938847305134,10.353962029458284,9.390654966481046,4.071770044999787,0.5095501714779285,0.16,1.8333333333333333,2.8666666666666667,99.742,4.622646580289327,0.020059728236839984,1.1500655702570253,7.2627618319303,-0.34955017147792844
2013-01-01,2013 Q1,10.857285992746686,10.35573733004601,9.417593384312712,4.068935528958322,0.3982648074655932,0.14333333333333334,1.9266666666666665,2.86,100.33,4.6006198488892736,-0.007844904048248015,1.1513628540536387,7.358314841641118,-0.2549314741322598
2013-04-01,2013 Q2,10.856977725399389,10.353277228253972,9.421721288909112,4.068692370350265,0.288295603736895,0.11666666666666667,1.9666666666666666,2.84,99.996,4.608554452891236,0.003424267703166662,1.1500022450504057,7.381676225511917,-0.17162893707022833
2013-07-01,2013 Q3,10.862856930775358,10.355265796781017,9.4419633484455,4.069718621712824,0.4789804042031503,0.08333333333333333,1.7966666666666666,2.6933333333333334,100.475,4.596109259497578,-0.013799680837686764,1.1539208444269904,7.4274712660935744,-0.395647070869817
2013-10-01,2013 Q4,10.868835079697146,10.361005563453752,9.442956781341213,4.0666426886438565,0.586007008739589,0.08666666666666667,1.8466666666666667,2.61,101.226,4.589172909153084,-0.028182731698809162,1.160553690208293,7.522054038424367,-0.4993403420729223
2014-01-01,2014 Q1,10.864675165292565,10.364467534078024,9.43743950525209,4.072050621241322,0.36804123097101576,0.07333333333333333,1.6766666666666665,2.3533333333333335,100.356,4.6172568471232385,0.008532982935849377,1.1562520681145243,7.534944264477532,-0.29470789763768246
2014-04-01,2014 Q2,10.87545894023684,10.370443922163526,9.468752994353094,4.076032134497543,0.6239302529454769,0.09333333333333334,1.5933333333333333,2.1966666666666668,101.198,4.595483420398548,-0.02159557341368014,1.164056649409079,7.580817092278725,-0.5305969196121435
2014-07-01,2014 Q3,10.885472387605645,10.377694288134256,9.482198412069867,4.079169480499263,0.47213531008887705,0.09,1.62,2.243333333333333,102.127,4.58649692072247,-0.03972021610926513,1.170684857459761,7.586950583174021,-0.382135310088877
2014-10-01,2014 Q4,10.888184317074343,10.384025212269046,9.487782864714479,4.084649430690656,0.1959071412406838,0.09999999999999999,1.5966666666666667,2.46,101.557,4.601704186344917,-0.018916030866613583,1.1643063918634722,7.6299271385826986,-0.09590714124068382
2015-01-01,2015 Q1,10.894792988215729,10.38691812185011,9.50974623321839,4.083870086944841,-0.08158133871545642,0.11,1.6033333333333333,2.533333333333333,102.298,4.60870393493623,-0.019186187488109428,1.1755733298042381,7.63428404272424,0.1915813387154564
2015-04-01,2015 Q2,10.901358271402707,10.391966259282963,9.510421483286395,4.083037468413742,0.5649029317262485,0.12333333333333334,1.73,2.6666666666666665,102.867,4.606958585847308,-0.026478305849092415,1.1812362773520657,7.631969832056943,-0.44156959839291515
2015-07-01,2015 Q3,10.90178214468937,10.396836574678295,9.50761616171267,4.08049712114922,0.36120217489049894,0.1366666666666667,1.8666666666666667,3.0233333333333334,103.033,4.6073278565418905,-0.027721468723872187,1.1789626413217682,7.5600960898997585,-0.22453550822383225
2015-10-01,2015 Q4,10.900823566261407,10.400218454926629,9.49389162058675,4.0840820407890375,0.026633438439181104,0.16,1.8033333333333332,3.23,102.232,4.613326829938363,-0.013917910368038772,1.1662086299049188,7.622634596685315,0.13336656156081889
2016-01-01,2016 Q1,10.90301588298034,10.406330571982783,9.486626024466869,4.087408071330994,-0.08563273596547759,0.36,2.006666666666667,3.3866666666666667,102.356,4.6137433313327225,-0.014713601430558113,1.1733795672411051,7.630335040225788,0.4456327359654776
2016-04-01,2016 Q2,10.907037963903628,10.412688212801173,9.483192973688126,4.085220469887531,0.6858535752262777,0.37333333333333335,1.8366666666666667,2.9133333333333336,102.6,4.605370165990758,-0.02546776674591153,1.1663332404969804,7.649149619168371,-0.3125202418929443
2016-07-01,2016 Q3,10.909929726232107,10.417349326633182,9.483576940817828,4.08678388648127,0.3717862267880358,0.39666666666666667,1.7733333333333334,2.6933333333333334,102.907,4.603939428917229,-0.029886238819912876,1.1702195175205445,7.681684893550618,0.024880439878630867
2016-10-01,2016 Q4,10.912503307392482,10.421941756096542,9.494415887821482,4.083895104649201,0.5148161606157672,0.45,1.68,2.51,103.262,4.607687016112366,-0.029582431735725296,1.1746160816649376,7.713708686963158,-0.06481616061576717
2017-01-01,2017 Q1,10.915506558619143,10.425424702447721,9.50032024692122,4.087752682841207,0.5187048710274847,0.7000000000000001,1.5166666666666666,2.216666666666667,103.376,4.6148036349563295,-0.02356919185948018,1.1792086891793176,7.767568776725463,0.18129512897251532
2017-04-01,2017 Q2,10.921468071178648,10.429769760450254,9.512502393895122,4.092606026384886,0.2839125967507952,0.9500000000000001,1.5366666666666666,2.2333333333333334,103.805,4.612056421351045,-0.030457717777468384,1.1799464697230815,7.792930918222845,0.6660874032492048
2017-07-01,2017 Q3,10.92669359075441,10.432328377208966,9.525607869548773,4.093921647860274,0.47942153335637766,1.1533333333333333,1.41,2.09,104.392,4.613822645267231,-0.034330398892714976,1.1843617586768205,7.8317601799961025,0.6739117999769557
2017-10-01,2017 Q4,10.930675444525871,10.439357082320196,9.5299994484038,4.093616721716768,0.6702926152468461,1.2033333333333334,1.19,1.9,104.31,4.612354318201499,-0.03501291648638114,1.1808679306108392,7.891184898109419,0.5330407180864872
