date,quarter,RGDP,RCon,RInv,Hours,Infla,InRt,Productivity,labshare,Rwage,TFP,SP500In,Rinr
1954-07-01,1954 Q3,9.710206155505832,9.074565726103756,8.265512339321253,4.1507728930544845,0.0013044524866427179,0.010266666666666667,29.228,4.734047012908977,1.3589198589800058,-0.758646162792641,3.475376779836407,0.008962214180023948
1954-10-01,1954 Q4,9.724719673941472,9.08116596446536,8.3107219232317,4.157827923842863,0.0027406663266531447,0.009866666666666668,29.554,4.72820164675648,1.3419825482750376,-0.7180548162661302,3.582963228522387,0.007126000340013523
1955-01-01,1955 Q1,9.748703338735261,9.086188056298973,8.399206062772718,4.168624656458048,0.004641963417591289,0.013433333333333332,30.133,4.711150509525323,1.3055295928033888,-0.7509881802497953,3.5995016429627196,0.008791369915742043
1955-04-01,1955 Q2,9.760828918798548,9.091081364444745,8.447828160819917,4.179876523250919,0.004145858386721679,0.015,30.238,4.712687374354564,1.3035879627965543,-0.722781985689636,3.714303506454095,0.010854141613278322
1955-07-01,1955 Q3,9.769727562356604,9.09097808470039,8.469037334528196,4.19519088703117,0.006961604270336471,0.0194,30.351,4.716523707657323,1.3036942417654602,-0.6913487986185659,3.7766613674974696,0.012438395729663529
1955-10-01,1955 Q4,9.770870027921289,9.098906560070745,8.480673388024575,4.203343800023591,0.009918987563113695,0.02356666666666667,30.239,4.719400250644927,1.3102677686634479,-0.8117055166840805,3.8172726688823353,0.013647679103552975
1956-01-01,1956 Q1,9.762845222733661,9.099308991429496,8.447137625447661,4.20122327175016,0.009887601706049286,0.024833333333333332,29.877,4.737706083271511,1.3406171296538982,-0.7652878583376277,3.881151341761059,0.014945731627284046
1956-04-01,1956 Q2,9.76703761939823,9.10047938316159,8.427493164875006,4.197652850420425,0.005925358043574712,0.026933333333333333,30.023,4.745896880231778,1.343933125641721,-0.6354444704316562,3.8495091000389037,0.02100797528975862
1956-07-01,1956 Q3,9.761463052506711,9.097989294122387,8.41985006137767,4.197985311145687,0.012459797840855177,0.0281,30.017,4.748603640974144,1.3468397531402496,-0.6768802080960734,3.814410176561146,0.01564020215914482
1956-10-01,1956 Q4,9.772809228894012,9.104188165639464,8.416687279283527,4.196147432288251,0.004011392542585733,0.029266666666666667,30.339,4.748681611994955,1.3362475984068116,-0.6211986812473612,3.8431015599617244,0.025255274124080934
1957-01-01,1957 Q1,9.77468780514454,9.100114176292605,8.412621848980255,4.19326297712051,0.013659750020224968,0.029333333333333333,30.688,4.739972021258493,1.3161003225574652,-0.5523423039689243,3.786686514116848,0.015673583313108364
1957-04-01,1957 Q2,9.768412111339039,9.100346812412626,8.399513364723123,4.183123420066855,0.006981938867118385,0.03,30.566,4.747858277791777,1.3279699976861326,-0.4547603998330418,3.85798911693566,0.023018061132881615
1957-07-01,1957 Q3,9.773720494477063,9.109875540442662,8.398563283781911,4.179344829232159,0.005927998692837494,0.03233333333333333,30.998,4.741892731463869,1.30797004518901,-0.38846050929234055,3.7476199491365363,0.02640533464049584
1957-10-01,1957 Q4,9.758750756069444,9.112781553517296,8.318782191443125,4.1611496703507,6.914108198378453e-4,0.03253333333333333,31.106,4.749495612853901,1.3120948862315331,-0.26618154100577845,3.688629422858727,0.031841922513495484
1958-01-01,1958 Q1,9.728717411895008,9.104659489216322,8.245859572766644,4.14193834044695,0.010749431674114839,0.01863333333333333,30.685,4.759914975011812,1.3361410391707513,-0.24884604866658286,3.7400477406883357,0.007883901659218493
1958-04-01,1958 Q2,9.73145290361031,9.112575009324338,8.216032287671062,4.137105933042068,0.0029173541066117178,0.0094,31.268,4.7484563457899975,1.3058611354319134,-0.2378765509162745,3.81198165124792,0.006482645893388282
1958-07-01,1958 Q3,9.749986661550366,9.11898934013765,8.277187694854856,4.142622365571047,0.006055756008730848,0.013233333333333333,31.855,4.747598136620368,1.2864037810519169,-0.2383841007304946,3.913222286003628,0.007177577324602485
1958-10-01,1958 Q4,9.768526567102011,9.119823403058502,8.348067281808012,4.151768417238375,0.0047325001512671765,0.02163333333333333,32.396,4.73035685807705,1.2523218996903063,-0.22602269206505327,4.011144096295953,0.016900833182066154
1959-01-01,1959 Q1,9.783238979939952,9.130925550929495,8.390910736186962,4.1585318369630615,0.002327291594290302,0.025699999999999997,32.435,4.73413491726909,1.2548968306040713,-0.2775997371102685,4.015301354881648,0.023372708405709694
1959-04-01,1959 Q2,9.801676286389442,9.141328618621918,8.446891909005982,4.170743292673053,0.0015281643610854853,0.030833333333333334,32.747,4.730683267706385,1.2418719128743756,-0.2772038281641536,4.068513802187579,0.029305168972247848
1959-07-01,1959 Q3,9.798127036878302,9.149210822063527,8.401752211532067,4.165913643213362,0.0038406484860261637,0.03576666666666667,32.791,4.7311418255500275,1.2409877380557228,-0.23041996028498593,4.040943785494986,0.0319260181806405
1959-10-01,1959 Q4,9.79657027019005,9.156610540540187,8.39868420162651,4.161113074003765,0.00388656589312474,0.039900000000000005,32.688,4.738835319668881,1.251827281593614,-0.1860886433631986,4.092509546276371,0.03601343410687526
1960-01-01,1960 Q1,9.81290617430489,9.15447608850531,8.47178633904965,4.1566096272021245,0.0040526291667649485,0.03933333333333334,33.45,4.735803633623295,1.2257518470490572,-0.11272087006411878,4.01349597435878,0.03528070416656839
1960-04-01,1960 Q2,9.801454826970977,9.163088973399296,8.402213856445856,4.167095169636826,0.0024718910485436634,0.03696666666666667,32.931,4.755889270335082,1.2614748069617931,-0.12069978523778481,4.041646773221651,0.034494775618123
1960-07-01,1960 Q3,9.801399454452342,9.156207365819373,8.384570529085023,4.1645036548136405,0.003486418535086998,0.029366666666666666,33.13,4.751976821359518,1.251537605047714,-0.09706171284313124,3.9800554158199732,0.02588024813157967
1960-10-01,1960 Q4,9.784478765953926,9.160126608246587,8.285463535184329,4.153429351237505,0.002935979819541462,0.02296666666666667,32.694,4.766395779487311,1.2792042046582952,-0.06251390538924231,4.062337766087015,0.02003068684712521
1961-01-01,1961 Q1,9.787852208937204,9.164742212836822,8.279661914183619,4.1468537910648005,0.002151566691831151,0.020033333333333334,33.116,4.761481387349815,1.2614648380732556,-0.06892144546642182,4.175309921045206,0.01788176664150218
1961-04-01,1961 Q2,9.800845560564248,9.171714754929075,8.328447445874442,4.141015007576027,0.00232565178318566,0.017333333333333333,33.988,4.747442019428079,1.2214344982867844,-0.04175993424823165,4.16883341421284,0.015007681550147672
1961-07-01,1961 Q3,9.81569405158546,9.170425282451749,8.383113857047654,4.140544619632726,0.0025579265010382364,0.016833333333333332,34.566,4.737241763600983,1.1943712236226818,-0.01582455034697146,4.200654626915515,0.014275406832295095
1961-10-01,1961 Q4,9.830809327038143,9.180159037755269,8.405608079219865,4.148044075394615,0.00314381728223179,0.024,34.857,4.735610556321564,1.18435657845273,-0.04929529172487751,4.27039650600246,0.02085618271776821
1962-01-01,1962 Q1,9.844957610345725,9.185291700331655,8.440127602672181,4.149552084422848,0.005139273502547291,0.024566666666666667,35.431,4.730656806029507,1.1630696628820751,-0.010555513939516587,4.242045918369452,0.019427393164119375
1962-04-01,1962 Q2,9.850455905984322,9.194030019860241,8.434829844951716,4.153300041880073,0.001589591456554165,0.026066666666666665,35.288,4.737723600547925,1.1741806377452864,-0.026857454169882642,4.00277736869661,0.0244770752101125
1962-07-01,1962 Q3,9.858803944909488,9.198770848834675,8.442307319016905,4.151513873615077,0.002115532316297308,0.028466666666666668,35.877,4.726989509309186,1.1468930876544055,0.02215280464113328,4.030161533445187,0.02635113435036936
1962-10-01,1962 Q4,9.858019364488982,9.206243318818089,8.427950657296662,4.14414927353379,0.0020524856934193317,0.029233333333333333,36.149,4.729218001313056,1.141568715608186,0.06691070528262681,4.144720769547168,0.027180847639914
1963-01-01,1963 Q1,9.865629909979887,9.2068180706724565,8.458925085245381,4.143110726610126,0.004384049108534449,0.029666666666666668,36.255,4.7308861173029255,1.140308814479369,0.06090693490352136,4.198254025612612,0.025282617558132218
1963-04-01,1963 Q2,9.873543676163056,9.210598648240293,8.475062653735465,4.148030264094569,0.0017482521935294133,0.029633333333333334,36.528,4.727865580672113,1.1297864908846729,0.06391332574365285,4.23945449739721,0.02788508113980392
1963-07-01,1963 Q3,9.891465577308802,9.224265076351292,8.493948468383012,4.146824869805955,0.001338259880291695,0.0333,37.428,4.7140245909001735,1.0916055034865069,0.11573649848259676,4.272490747605575,0.03196174011970831
1963-10-01,1963 Q4,9.894144037532975,9.22320019802317,8.504439877222248,4.148858621746869,0.008049848015045815,0.03453333333333333,37.4,4.719962085988446,1.0982913815679605,0.11315009793265578,4.317754744653741,0.026483485318287515
1964-01-01,1964 Q1,9.911902051137146,9.238489523158895,8.531641802296468,4.160632595738321,0.0031673843751029405,0.034633333333333335,37.686,4.708241082467281,1.0789524097669827,0.16551443847757333,4.369194655858504,0.03146594895823039
1964-04-01,1964 Q2,9.919557732713622,9.251788843902755,8.535179980578478,4.169982121215434,0.0022972672634651212,0.0349,37.896,4.710781670150688,1.075936104529237,0.1408917386974817,4.4029315953537775,0.03260273273653488
1964-07-01,1964 Q3,9.931443128549459,9.26405691825267,8.550919398262128,4.16472034512169,0.0040075624713206285,0.03456666666666666,38.287,4.708728077895542,1.063617664914312,0.17151335807735127,4.432957363342425,0.030559104195346035
1964-10-01,1964 Q4,9.931005438572868,9.268785348434271,8.544890319374844,4.164956538164187,0.004503613347013286,0.03576666666666667,37.919,4.72244642657888,1.0869941208478053,0.16432729342167599,4.43970574626056,0.031263053319653386
1965-01-01,1965 Q1,9.95213484935765,9.275293354164312,8.630621042524606,4.173287219360643,0.005049512870952543,0.03973333333333333,38.458,4.709043596452904,1.0594768597245088,0.16024634914209704,4.456206032848133,0.034683820462380784
1965-04-01,1965 Q2,9.96199228190869,9.287106762191227,8.625504197523425,4.177291848784771,0.004573566031061602,0.04076666666666666,38.636,4.709647311571777,1.0554628272547277,0.17024897555968538,4.432244350834499,0.03619310063560506
1965-07-01,1965 Q3,9.980633761712781,9.299274203270329,8.649412427743759,4.178132490499035,0.003823451382610793,0.04073333333333333,39.426,4.695787553571705,1.0213620564279196,0.23846556741199434,4.499365127091115,0.036909881950722534
1965-10-01,1965 Q4,10.000160439796389,9.319070759843383,8.663965953246121,4.181928688814623,0.006879029391814133,0.04166666666666667,40.11,4.6895940515889185,0.9979683718069569,0.25897390831503725,4.526451601276686,0.03478763727485254
1966-01-01,1966 Q1,10.021714933900778,9.328459671183206,8.720095947916432,4.186285743882121,0.0063890880966516505,0.045566666666666665,40.653,4.690420847160298,0.9853482131516114,0.2838999291563206,4.49121730591206,0.03917757857001501
1966-04-01,1966 Q2,10.022514258957768,9.33673753982389,8.694029460763675,4.186376726773178,0.008162860393653201,0.049133333333333334,40.37,4.702750514326955,1.004663579462106,0.26834633614503856,4.439587745198413,0.04097047293968013
1966-07-01,1966 Q3,10.02791513091118,9.339998027971328,8.692092144284523,4.186467269196956,0.009621240784230534,0.0541,40.504,4.706164182260713,1.004763447593106,0.27558418725364436,4.338074747144699,0.044478759215769464
1966-10-01,1966 Q4,10.033023473885162,9.341753800365886,8.694321829569327,4.186716550461851,0.00834331419106846,0.05563333333333333,40.76,4.7017522838343355,0.9940510754798114,0.3034323825430128,4.386143150185721,0.04729001914226487
1967-01-01,1967 Q1,10.039372423556493,9.348901214455017,8.666587917747387,4.176698890906704,0.004145697379706345,0.04823333333333333,41.086,4.702442076742298,0.9867746458719786,0.3590720685384538,4.502029427068578,0.04408763595362698
1967-04-01,1967 Q2,10.037537560656384,9.354894709133426,8.649980893804893,4.171944937667908,0.005091251384365476,0.0399,41.242,4.709241871460989,0.9897847168829146,0.38967442220184023,4.506895616719751,0.03480874861563452
1967-07-01,1967 Q3,10.044118682275874,9.358803374354684,8.66347500760499,4.175413838839862,0.00952312147410976,0.038933333333333334,41.455,4.7089624726173245,0.9843539710491427,0.37864189406428866,4.571716809728872,0.029410211859223573
1967-10-01,1967 Q4,10.0488425203955,9.359968964305674,8.675780488372625,4.177489020039782,0.011057982195651479,0.04173333333333333,41.574,4.7100525873675,0.9825776154942003,0.4028617222380495,4.569232079182462,0.030675351137681852
1968-01-01,1968 Q1,10.066923561388053,9.375412408514348,8.705821971157677,4.168941321556733,0.011040628761717424,0.04786666666666666,42.505,4.704064842962306,0.9544431268929837,0.441282600973558,4.502029427068578,0.03682603790494924
1968-04-01,1968 Q2,10.081173380925554,9.387508055654616,8.730377992335528,4.178503270712288,0.01045889128951525,0.059800000000000006,42.9,4.700062096511833,0.9411902705778623,0.4575514213064959,4.600961341214036,0.049341108710484756
1968-07-01,1968 Q3,10.086184039035157,9.399671127734413,8.722853285291162,4.176027085975193,0.009792499326069015,0.05943333333333333,42.921,4.709440107163888,0.9500788905115815,0.45355661557541826,4.6315199613108735,0.049640834007264316
1968-10-01,1968 Q4,10.087432790446181,9.400743848539369,8.727958574039091,4.171337209602376,0.014010913604164893,0.05916666666666667,42.817,4.717855807430984,0.9609205874431049,0.4407035435341834,4.6430438384161725,0.04515575306250178
1969-01-01,1969 Q1,10.100902955277606,9.408412938861762,8.769699219264973,4.175426320250302,0.01025701085629508,0.06566666666666666,43.161,4.711654070430864,0.9467167607078582,0.436576103133217,4.62015731579634,0.055409655810371584
1969-04-01,1969 Q2,10.101641447146731,9.415169525150029,8.75770301674342,4.175396960763505,0.012650608031742363,0.08326666666666666,42.808,4.724747167117195,0.9680221661081909,0.4171960309838631,4.582003907956252,0.07061605863492429
1969-07-01,1969 Q3,10.105407467398711,9.418107486782258,8.759839247450586,4.176189574310164,0.013940723644942254,0.08983333333333332,42.857,4.731476792585352,0.9736078003233528,0.412109650826833,4.533888983983128,0.07589260968839107
1969-10-01,1969 Q4,10.097572976250325,9.424770399625759,8.722315145611073,4.17234393756046,0.012797030541774175,0.0894,42.651,4.745340740522104,0.9922900202004332,0.40719694095292314,4.5224405383890955,0.07660296945822581
1970-01-01,1970 Q1,10.093653263353131,9.431368139108187,8.687854860492944,4.165506286923953,0.013998147799664882,0.08573333333333334,42.788,4.749504268876546,0.9932465794326616,0.4367053438442209,4.4956900853692705,0.07173518553366846
1970-04-01,1970 Q2,10.091956839916318,9.42994240504117,8.689101697253825,4.151100328303639,0.013851218301362572,0.0788,43.421,4.735970352207099,0.9650271571608056,0.48168513401957347,4.286616449869223,0.06494878169863742
1970-07-01,1970 Q3,10.097737680195356,9.437986978840325,8.690603562211605,4.140372799556316,0.008164440287168185,0.06703333333333333,44.109,4.731415096561641,0.9447512532980109,0.5156937551628512,4.4343818650078095,0.05886889304616515
1970-10-01,1970 Q4,10.08351481277671,9.441459180748653,8.628501024406399,4.1339374083449405,0.013143672240550528,0.05566666666666666,43.708,4.736119497909567,0.958588346201068,0.5128236264286637,4.523417684115833,0.04252299442611614
1971-01-01,1971 Q1,10.107244390050148,9.437702112509827,8.734105349782574,4.129657899146095,0.01507441868770584,0.038566666666666666,44.997,4.716979861040097,0.9103840401587648,0.542208004994659,4.608265390895394,0.023492247978960826
1971-04-01,1971 Q2,10.109729065774982,9.440678819044507,8.754933646588963,4.126621940485328,0.01304482070672563,0.04563333333333333,45.129,4.716613165898276,0.9070881105144797,0.5431960037964414,4.592084946439436,0.0325885126266077
1971-07-01,1971 Q3,10.11484188327536,9.444060996421559,8.765494227081753,4.126288271389004,0.010131443430404204,0.05473333333333333,45.559,4.711528203975007,0.892520014715049,0.5923318753211291,4.5884308619837935,0.044601889902929126
1971-10-01,1971 Q4,10.114113079291366,9.45286297337295,8.754801697837987,4.133215474849088,0.008300245380037829,0.0475,45.164,4.723317599695173,0.9130172903768976,0.5607579925141997,4.625854777180924,0.03919975461996217
1972-01-01,1972 Q1,10.129945604818168,9.457609783072769,8.79441181437825,4.134412885816191,0.015075986172943909,0.0354,45.871,4.723130983621656,0.8972978745089829,0.5696792665597005,4.674696248636701,0.020324013827056092
1972-04-01,1972 Q2,10.150035081629355,9.472734121642558,8.837609622951225,4.136958012439284,0.006204601095609105,0.043,46.776,4.711231456060181,0.8658612051868119,0.5845035034432017,4.674136390452814,0.03679539890439089
1972-07-01,1972 Q3,10.156849882434335,9.483533193133598,8.853890699934501,4.138128570831596,0.009529101915728389,0.047400000000000005,47.047,4.712615526886707,0.861468424843565,0.5997152357673927,4.705467907303455,0.03787089808427162
1972-10-01,1972 Q4,10.170801087594812,9.496489562117324,8.873454916959071,4.1387580620195505,0.012676343540758347,0.05143333333333334,47.447,4.71665789201789,0.8570445934074887,0.6181542015185152,4.771108263531522,0.03875698979257499
1973-01-01,1973 Q1,10.193092774549758,9.506385837967043,8.921235644315916,4.142437225992769,0.01145318003083941,0.06536666666666667,48.52,4.714508778595126,0.8325326945192765,0.6404318228879509,4.714203947012214,0.05391348663582726
1973-04-01,1973 Q2,10.201701469897316,9.511787646188935,8.937794778560919,4.148202266798561,0.01524450750283143,0.07816666666666666,48.537,4.716944091823081,0.8346176981317719,0.6277549617928931,4.64688777933996,0.06292215916383523
1973-07-01,1973 Q3,10.193953247114495,9.516248641400136,8.90507068171012,4.14942399967595,0.019298599215022878,0.1056,48.08,4.730762648535957,0.8578963583090047,0.6050260971647659,4.68610480348409,0.08630140078497713
1973-10-01,1973 Q4,10.200959051807608,9.517976866422897,8.917531666273291,4.152002368647795,0.019709510923926265,0.09996666666666666,47.781,4.733756873684075,0.8671288027463215,0.6123166626453966,4.5803650670691205,0.0802571557427404
1974-01-01,1974 Q1,10.190281730926614,9.523096091697985,8.861857927357734,4.1452472053670455,0.01871943655062112,0.09323333333333333,47.675,4.736294934967587,0.8718877834811039,0.5945967568306683,4.54308199367467,0.07451389678271221
1974-04-01,1974 Q2,10.190506905437811,9.529276417637139,8.868650737297362,4.1385166291364,0.02333564678029852,0.1125,47.534,4.7291208294557165,0.8676755849965416,0.6096568700609197,4.454347296253507,0.08916435321970148
1974-07-01,1974 Q3,10.178464252490356,9.526677322847751,8.835647338378571,4.133526441359199,0.028893995083389443,0.1209,47.05,4.7380213473077495,0.8868104812763612,0.5781851620902637,4.15166962884137,0.09200600491661055
1974-10-01,1974 Q4,10.171986805571136,9.518176845137459,8.806888632519412,4.116229077407525,0.028995798058897657,0.09346666666666666,47.482,4.726369601389936,0.8660189095364599,0.6072624414027756,4.227709274289524,0.064470868607769
1975-01-01,1975 Q1,10.157703323404748,9.51915419081979,8.699758757953534,4.088859171501357,0.022461932714277936,0.06303333333333333,47.858,4.716362662653844,0.8481243695967196,0.6589697287583588,4.423168578005057,0.0405714006190554
1975-04-01,1975 Q2,10.162422867948395,9.52915145778896,8.692870098442041,4.0823228805261405,0.014755511278367122,0.0542,48.625,4.706525692292035,0.8223878903534251,0.6843586745268659,4.555874894263214,0.03944448872163288
1975-07-01,1975 Q3,10.176449310831199,9.535149481525666,8.753280734514867,4.087896861688584,0.017503716174275586,0.0616,49.218,4.696682252994143,0.8004228427454753,0.6737094866674702,4.42926798099632,0.04409628382572442
1975-10-01,1975 Q4,10.187236901960196,9.54057413294519,8.776047731777965,4.092514318073199,0.01658161312423527,0.05413333333333333,49.263,4.697685554853237,0.8005122626754267,0.6521168310019534,4.501918556177617,0.03755172020909806
1976-01-01,1976 Q1,10.207325906555994,9.553353761401942,8.848795977244164,4.104874711812816,0.010537025521966118,0.04826666666666666,49.992,4.69064121057719,0.7787782179504092,0.6538864666066427,4.632493481636982,0.03772964114470054
1976-04-01,1976 Q2,10.212515179007287,9.559033332819551,8.879045817171093,4.103553648036812,0.010010866924116995,0.051966666666666675,50.462,4.688932122593406,0.7677115448112174,0.6710549340851292,4.647079589065301,0.041955799742549676
1976-07-01,1976 Q3,10.215410916235928,9.569556529612429,8.883806883876504,4.103341951911895,0.012856592566649939,0.05283333333333333,50.585,4.693519833760443,0.7698647441025894,0.6687007876550191,4.656243456172092,0.039976740766683394
1976-10-01,1976 Q4,10.219975716829579,9.577054089851519,8.892969395146505,4.101551919993959,0.017738407376149144,0.04873333333333333,50.731,4.693528988125931,0.7669918245397627,0.6877325478584465,4.677118685300675,0.030994925957184186
1977-01-01,1977 Q1,10.229404275217824,9.585277874693364,8.933591661087387,4.104592316831478,0.015993438296328284,0.0466,51.055,4.6919348658838285,0.7590313828763271,0.70275091670264,4.589244035437832,0.03060656170367172
1977-04-01,1977 Q2,10.246261321304372,9.590167377863336,8.97896261925124,4.115607269097672,0.013994733815354841,0.05156666666666666,51.259,4.691907358720503,0.7550161463634762,0.6921466802263617,4.609958702719888,0.03757193285131182
1977-07-01,1977 Q3,10.261336806702628,9.599486954167801,9.013268078921566,4.116868798889688,0.01210537944233243,0.0582,51.796,4.687745069611761,0.7404321434051675,0.7218803993828178,4.569853840860524,0.04609462055766757
1977-10-01,1977 Q4,10.258536174730276,9.603433988865536,9.013252318037937,4.124210717374924,0.02136298223457017,0.06513333333333332,51.136,4.7004258188502135,0.7659370687064038,0.7028004375880836,4.554928969551344,0.04377035109876315
1978-01-01,1978 Q1,10.25937718820102,9.614531487861228,9.012329077768463,4.122476486989908,0.014442878514568545,0.06756666666666666,51.16,4.71441913189272,0.779461155182078,0.7166195367450874,4.490993140925692,0.05312378815209812
1978-04-01,1978 Q2,10.294752311243151,9.626495292817884,9.072429055121951,4.140410020327759,0.018928907873621618,0.07283333333333333,52.169,4.69396829914689,0.7394798504005736,0.7190098400856727,4.559440334281917,0.05390442545971172
1978-07-01,1978 Q3,10.301827335701704,9.631751315598287,9.084674538818168,4.140270581106085,0.01683202519169043,0.081,52.203,4.693428285496134,0.7382883209945834,0.7188636590645815,4.630252966355554,0.06416797480830957
1978-10-01,1978 Q4,10.312280450736967,9.635615123683245,9.101514603537593,4.144710009149941,0.02028255551726207,0.09583333333333334,52.541,4.691714787388277,0.7301209701943863,0.7144682622636291,4.565493368835193,0.07555077781607127
1979-01-01,1979 Q1,10.311516039047453,9.642269872965947,9.095737408416205,4.144273885619064,0.018039852725939057,0.10073333333333334,52.067,4.710079599914829,0.7575482491491909,0.7107906157325405,4.620945105103454,0.08269348060739429
1979-04-01,1979 Q2,10.309985460456241,9.647178194068886,9.085241918146027,4.135563375735456,0.024200469296436253,0.1018,51.971,4.707049649809262,0.756363779103724,0.7323198156344173,4.6338548198480005,0.07759953070356375
1979-07-01,1979 Q3,10.314371286671152,9.6559667455128,9.080314831656748,4.1411652462148165,0.021642520421815678,0.10946666666666667,51.9,4.709575245342881,0.7602564551710387,0.7050757514252192,4.694279361059867,0.08782414624485099
1979-10-01,1979 Q4,10.313774350923506,9.666580120641546,9.059303169604318,4.141548152945612,0.01838528477074698,0.13576666666666667,51.847,4.716487922120044,0.7681908483276743,0.7066555305847376,4.681575517190497,0.11738138189591969
1980-01-01,1980 Q1,10.314072863338863,9.673518313820086,9.0480740927166,4.134287068843034,0.02077758833573645,0.15046666666666667,52.098,4.714248781014328,0.7611222207077655,0.743555083103791,4.625854777180924,0.1296890783309302
1980-04-01,1980 Q2,10.290483144360632,9.662467459330554,8.948756673743407,4.112846913455595,0.023519667703624847,0.12686666666666668,51.566,4.723335370838392,0.7804728302592737,0.7296237473699627,4.738301498591274,0.10334699896304184
1980-07-01,1980 Q3,10.286297970079486,9.667454937740787,8.908805351462055,4.106557866473408,0.022089750780808368,0.09836666666666666,51.775,4.728829257216629,0.7819218499349813,0.7200325093413273,4.831986982668597,0.07627691588585829
1980-10-01,1980 Q4,10.302062309939538,9.675553397339984,8.969640547599155,4.113933771792692,0.02572868246791713,0.15853333333333333,52.296,4.723424221817588,0.7665043355071595,0.7078879988814438,4.910888620925971,0.1328046508654162
1981-01-01,1981 Q1,10.31943090493192,9.67475610399004,9.035719637292939,4.11912260013285,0.025995382021485443,0.16570000000000001,53.105,4.702360415572592,0.7300893297990894,0.7272587101887131,4.912654885736052,0.13970461797851458
1981-04-01,1981 Q2,10.309719033572193,9.675107433295716,8.996743182380374,4.117212033197881,0.01961861788763454,0.1778,52.42,4.7123280853835645,0.7530398874883045,0.7085282825982477,4.876799093117625,0.1581813821123655
1981-07-01,1981 Q3,10.31890299149746,9.671242440584235,9.036308630232293,4.106707725556691,0.018642063156617948,0.17576666666666668,52.925,4.704282220484515,0.735406403463586,0.7469248862404164,4.755140712564386,0.15712460351004873
1981-10-01,1981 Q4,10.30534616505018,9.66975996077813,8.989691566027874,4.099942495919899,0.01714448952740937,0.13586666666666666,52.375,4.713118350792211,0.7546889725499091,0.7400784752443775,4.808519109974122,0.1187221771392573
1982-01-01,1982 Q1,10.28755876795662,9.671142369184123,8.920839436906476,4.083911441754177,0.013664782945431478,0.14226666666666665,52.135,4.731379839981878,0.7775433317403216,0.7493384602096879,4.718141664647253,0.12860188372123518
1982-04-01,1982 Q2,10.289905747724058,9.668790538960405,8.915371594701762,4.088048125570924,0.012907129556693486,0.14513333333333334,52.141,4.726210134363836,0.7722585469092936,0.7347208924698736,4.696928611227632,0.13222620377663985
1982-07-01,1982 Q3,10.283532283297381,9.675973688820173,8.901365064715328,4.0830372517302465,0.014076717388961345,0.11006666666666666,52.239,4.727670964463507,0.7718416220981513,0.7237733741017061,4.790985632036302,0.09598994927770532
1982-10-01,1982 Q4,10.281444421227691,9.688825377363814,8.850627145389558,4.074837360947345,0.010309058896170318,0.09286666666666667,52.68,4.722810989307713,0.7585751124326329,0.7259531322851228,4.946203433936867,0.08255760777049635
1983-01-01,1983 Q1,10.292518354180867,9.69745384312064,8.86637185131491,4.076117014125546,0.007528716249755468,0.08653333333333332,53.357,4.715807753483603,0.7388025753458004,0.7206164225494902,5.030176449303092,0.07900461708357785
1983-04-01,1983 Q2,10.31294468191383,9.710774211909456,8.9362773358972,4.083770662675951,0.007393675940401812,0.08803333333333335,54.51,4.6991522114585225,0.700768040382333,0.714859747465595,5.121818823056871,0.08063965739293154
1983-07-01,1983 Q3,10.330290057291649,9.726762090779673,8.978455716616615,4.104826779875972,0.010579828705658252,0.09459999999999999,54.754,4.685440560051361,0.6825901346627252,0.6914457339201877,5.112409386218662,0.08402017129434174
1983-10-01,1983 Q4,10.34858995368279,9.734395230975691,9.05205334199564,4.111997293901996,0.007552627372136728,0.0943,55.048,4.686067912644082,0.6778623807439031,0.6936470556015963,5.105521141460061,0.08674737262786326
1984-01-01,1984 Q1,10.366025885670592,9.738583143539822,9.11837628606884,4.121805396358711,0.010065229359613724,0.09686666666666667,55.251,4.6908615254447446,0.6789750856631659,0.7107414889608964,5.070035637377703,0.08680143730705295
1984-04-01,1984 Q2,10.381149283523685,9.750740103197932,9.141018060890698,4.133869189465037,0.008523022621300723,0.10556666666666667,55.58,4.6866764375432295,0.668853013228872,0.725565966815446,5.031613700481447,0.09704364404536595
1984-07-01,1984 Q3,10.388318216025032,9.756574789747953,9.147479826381627,4.1304545573166855,0.008846269696034813,0.1139,55.83,4.688343373208845,0.6660320138865758,0.734912729792413,5.112590016619249,0.10505373030396518
1984-10-01,1984 Q4,10.39405944727485,9.763367531308178,9.141533280418365,4.131742271497819,0.007462021613080506,0.09266666666666667,55.9,4.6900350942945135,0.6664707141334605,0.7396490142113652,5.119429906488365,0.08520464505358617
1985-01-01,1985 Q1,10.401835654791006,9.778492772991951,9.123303366791408,4.136472632274283,0.009832701593086864,0.08476666666666667,56.068,4.688490593054346,0.6619253532535347,0.7619733714897978,5.1966168117216975,0.0749339650735798
1985-04-01,1985 Q2,10.408496290980555,9.787675073043433,9.13363507294842,4.136790176508141,0.0064160695037090085,0.07923333333333332,56.245,4.6888033632811705,0.6590862150363812,0.7575763207156349,5.256713816692962,0.0728172638296243
1985-07-01,1985 Q3,10.421090160581143,9.800182002797685,9.140205507245549,4.135831417798856,0.0060098757212984485,0.079,56.96,4.683565383415465,0.6412161163117446,0.7699693231612298,5.204446150937966,0.07299012427870155
1985-10-01,1985 Q4,10.425994681075956,9.808072415348514,9.152185379447586,4.138986425506179,0.005574394148418277,0.08103333333333333,57.189,4.696125442318202,0.649763870118253,0.7649560833063781,5.353184267988877,0.07545893918491506
1986-01-01,1986 Q1,10.4332919348999,9.816185274048193,9.154663558607211,4.138271879899762,0.004965217507225464,0.07826666666666666,57.876,4.693345884891817,0.6350430940169817,0.7823020918708383,5.476045054331764,0.0733014491594412
1986-04-01,1986 Q2,10.43567341342345,9.815274432416656,9.154686941250466,4.133863669495178,0.0037888400970275274,0.0692,58.33,4.696235003343803,0.6301184625782569,0.7974621498245845,5.52481528567482,0.06541115990297247
1986-07-01,1986 Q3,10.442725690738797,9.819826427608872,9.163065300967581,4.1353001252842905,0.004079474428078061,0.06206666666666666,58.579,4.703067924264551,0.6326916536832539,0.798812649714727,5.443802033290018,0.0579871922385886
1986-10-01,1986 Q4,10.445695557530787,9.828139327816261,9.156543307479655,4.138225493881951,0.005437323358372066,0.06266666666666666,58.458,4.714661159547802,0.6463526118765426,0.7929020136969376,5.48963995887241,0.05722934330829459
1987-01-01,1987 Q1,10.451175341034686,9.840874582488318,9.153314071622928,4.146565084143248,0.006330035361365422,0.0622,58.191,4.717909411883741,0.6541787082794764,0.7744506316239801,5.675725876873676,0.05586996463863458
1987-04-01,1987 Q2,10.459812216373336,9.850883004462204,9.162752998056005,4.150612984454373,0.006906507356349231,0.0665,58.594,4.712875949401256,0.6422436471389069,0.7939874954860169,5.717027701406222,0.05959349264365077
1987-07-01,1987 Q3,10.465984899076615,9.857035126265353,9.170340246628836,4.1538951863723765,0.007540720355809522,0.06843333333333333,58.604,4.715055449517334,0.6442524958782677,0.8005206688282748,5.774023455819012,0.06089261297752381
1987-10-01,1987 Q4,10.480522176412455,9.863096597737135,9.203389965948249,4.159223941056388,0.007935030411477648,0.06916666666666667,59.173,4.713899022478673,0.6334336657064039,0.8033011890518376,5.509712170827698,0.06123163625518902
1988-01-01,1988 Q1,10.483689974079939,9.875442727783323,9.181048688892592,4.15560485553428,0.007803772273524242,0.06663333333333334,59.379,4.720808701581985,0.6368680730752774,0.8289884034713584,5.556403261059811,0.05882956105980909
1988-04-01,1988 Q2,10.494657376983609,9.884119443159,9.189908007858463,4.160351264537298,0.009686880470786538,0.07156666666666667,59.525,4.721334133851161,0.6349377414782348,0.8334307260070014,5.611301621862036,0.06187978619588013
1988-07-01,1988 Q3,10.497891165957215,9.89520748337992,9.178717249558812,4.1616677756284925,0.011885552351047903,0.07983333333333334,59.686,4.71926643378648,0.630168946751369,0.8417826796990935,5.605471129189412,0.06794778098228543
1988-10-01,1988 Q4,10.508650155427521,9.903596981378668,9.193153681525516,4.169369313439775,0.008613808455066384,0.08470000000000001,59.827,4.712911864426311,0.621454800350722,0.8410498104834407,5.626613411885073,0.07608619154493362
1989-01-01,1989 Q1,10.516752429223827,9.909811947695903,9.210036373151196,4.176052192263887,0.01035848640458366,0.09443333333333333,59.86,4.7100615916310185,0.6180530892064654,0.8349939047881818,5.686534581246648,0.08407484692874967
1989-04-01,1989 Q2,10.522099746707825,9.915663227793589,9.198828852079167,4.177668772054999,0.010595494644084345,0.09726666666666667,60.05,4.698724279320207,0.6035467307942148,0.826978528193466,5.761988487720563,0.08667117202258232
1989-07-01,1989 Q3,10.526721795621047,9.91968403359104,9.193931907019206,4.17956449166175,0.007277614074792135,0.09083333333333334,60.341,4.695915416794763,0.5959036104467831,0.8366412801986747,5.8555016292920445,0.0835557192585412
1989-10-01,1989 Q4,10.525970823344906,9.928395305368621,9.174478875864091,4.17571351144888,0.007096183468421957,0.08613333333333334,60.351,4.704816406113138,0.6046388886985935,0.8336914255522537,5.867600559885596,0.07903714986491138
1990-01-01,1990 Q1,10.534573141833395,9.934433000717165,9.187060430298866,4.1766163467901025,0.010734014211248014,0.0825,60.914,4.7052417397123065,0.5957787063585052,0.8366845955561415,5.828769131449206,0.07176598578875198
1990-04-01,1990 Q2,10.535078427396968,9.93937385765495,9.164181618821344,4.1687549095766325,0.011140190164112652,0.08243333333333332,61.339,4.707844095950587,0.5914282399731765,0.8394960768950823,5.880588850762045,0.07129314316922067
1990-07-01,1990 Q3,10.532229536403737,9.947848140024652,9.139648577661871,4.161128455394245,0.008536197073304093,0.0816,61.542,4.709259894512472,0.5895400259591433,0.84070474491756,5.723748487297079,0.07306380292669591
1990-10-01,1990 Q4,10.519537682711107,9.946923340769533,9.083544627853366,4.1554245525722235,0.007409862823809074,0.07743333333333333,60.909,4.7182399091958755,0.6088589621476619,0.8380264418780298,5.799759099003687,0.07002347050952425
1991-01-01,1991 Q1,10.51178465517968,9.938504880833875,9.047976539867204,4.146057472395207,0.009754217445546665,0.06426666666666667,61.092,4.711860816650616,0.5994798919424172,0.8445798843201546,5.927512520615465,0.05451244922112
1991-04-01,1991 Q2,10.516346161867236,9.942525389816845,9.041412729634594,4.141782255194809,0.00731471707296361,0.058633333333333336,62.086,4.709575245342881,0.5810547246536427,0.855351060434799,5.916633236484978,0.05131861626036972
1991-07-01,1991 Q3,10.517835002606233,9.941924546908059,9.051269363101527,4.139967061317228,0.007776112570239504,0.056433333333333335,62.618,4.706353991322406,0.5693012146119363,0.8526691235768302,5.960644449768095,0.04865722076309383
1991-10-01,1991 Q4,10.517889100523476,9.942176478797494,9.058844456805735,4.137105280879467,0.005928021523051403,0.04816666666666666,62.913,4.711465264805693,0.5697124451886018,0.8490392005169196,6.0333020258495615,0.042238645143615264
1992-01-01,1992 Q1,10.526855838488157,9.958445225359801,9.049968164083815,4.136727352038692,0.0037078500196309613,0.040233333333333336,64.158,4.715315237478071,0.5539664464754968,0.892243910715602,6.000647256682635,0.036525483313702374
1992-04-01,1992 Q2,10.534307099477882,9.963019144485889,9.081816439513034,4.140622833123586,0.0059905018590450205,0.0377,64.703,4.712004614901918,0.5421970466183959,0.8864086773922344,6.011610252800939,0.03170949814095498
1992-07-01,1992 Q3,10.54046112829013,9.970804527643368,9.087805675488976,4.139837146718771,0.004873419843879405,0.03256666666666667,65.292,4.709737387055093,0.5308678697633044,0.8889195350780231,6.035002849122465,0.027693246822787263
1992-10-01,1992 Q4,10.54736570428927,9.978946427036334,9.106201517764376,4.1392812228994105,0.006853793446755014,0.030366666666666667,65.686,4.7014980296150695,0.5166122166334935,0.8855428229253747,6.076976884432196,0.023512873219911655
1993-01-01,1993 Q1,10.546104305546345,9.980295219650248,9.116887285133336,4.141682446844581,0.005592880372114292,0.0304,65.117,4.6958149542101415,0.5196293023731253,0.8559885580657731,6.11295182469226,0.024807119627885708
1993-04-01,1993 Q2,10.54888777459834,9.984096653404348,9.126761952093494,4.148305610507379,0.005925640551060173,0.03,64.716,4.703494002043789,0.5334855359006986,0.8468977803658638,6.110424667506004,0.024074359448939826
1993-07-01,1993 Q3,10.55022423527341,9.990080307568922,9.123583929241189,4.15178265293258,0.0059341327734006195,0.030600000000000002,65.019,4.696590993799716,0.5219114589253411,0.8312120315158404,6.128897692983784,0.024665867226599383
1993-10-01,1993 Q4,10.560541125447834,9.993664166426482,9.159020226406001,4.155177768567546,0.005438833889957832,0.029900000000000003,65.273,4.694498875932881,0.5159204014187762,0.8473692864077332,6.14515083340697,0.02446116611004217
1994-01-01,1994 Q1,10.567514834522221,9.999579453999397,9.187712321746032,4.158557856274258,0.0047652628532240905,0.03213333333333333,65.474,4.682260848352655,0.5006077310804764,0.831865099871768,6.099803123936366,0.027368070480109242
1994-04-01,1994 Q2,10.57803787856365,10.004644931337493,9.2200069350507885,4.167700712434158,0.0048139167750698075,0.0394,65.509,4.685117504496842,0.5029299667146272,0.8281150409704298,6.096432485717521,0.03458608322493019
1994-07-01,1994 Q3,10.580657778572933,10.010064631341779,9.209681296398768,4.170191836981309,0.005726440327500976,0.044866666666666666,65.146,4.684314028264679,0.5076831233553536,0.8255779677404349,6.137100507955185,0.03914022633916569
1994-10-01,1994 Q4,10.588980514159214,10.013922384082534,9.242433519290584,4.1757266169546465,0.0054120256164731885,0.051666666666666666,65.838,4.676355319378613,0.4891581401418965,0.8394960768950823,6.129638272412099,0.04625464105019348
1995-01-01,1995 Q1,10.589836678595073,10.016808438414108,9.23919949617449,4.17352894181138,0.005396909883796792,0.058100000000000006,65.89,4.677407123132692,0.4894204382069637,0.8435479812274704,6.216027091175606,0.052703090116203215
1995-04-01,1995 Q2,10.58998769037428,10.024513757638422,9.22233022027859,4.164000628698321,0.0047961722634930135,0.0602,66.199,4.676643977446516,0.48397862035782724,0.8609471408348796,6.300326973824729,0.05540382773650698
1995-07-01,1995 Q3,10.595233752180444,10.027788680517332,9.22187596494257,4.169172259189898,0.0049121001591416495,0.057966666666666666,66.186,4.679015266445962,0.4865463062306624,0.863775638762854,6.3706027912975625,0.05305456650752502
1995-10-01,1995 Q4,10.598932092144757,10.030709086660922,9.235144843443015,4.168462222383731,0.004805204950395962,0.0572,66.564,4.679154579077664,0.4809906882165661,0.8677725307194296,6.4231333207127825,0.05239479504960404
1996-01-01,1996 Q1,10.603908217062571,10.03860996365155,9.241752365826992,4.163800081459216,0.004809722411981329,0.05363333333333333,66.984,4.680620827785944,0.476167042883813,0.8949036499925073,6.470025210286697,0.048823610921352005
1996-04-01,1996 Q2,10.617613139481264,10.047919432830952,9.27349489321749,4.170151849810087,0.004129714388598889,0.05243333333333333,67.623,4.676206301961927,0.4622581400939941,0.8826098455052663,6.508217569088763,0.04830361894473444
1996-07-01,1996 Q3,10.623276664042494,10.052538093421557,9.294744721054952,4.176345571433183,0.003266971664480937,0.053066666666666665,67.878,4.676690527396948,0.45897855122456366,0.882278829282449,6.532814526236512,0.04979969500218573
1996-10-01,1996 Q4,10.630432112679363,10.058720644848357,9.293655959774828,4.180201658900745,0.005335378510147036,0.0528,67.933,4.676476379680761,0.45795445434362814,0.8895770783557316,6.607649686531299,0.04746462148985296
1997-01-01,1997 Q1,10.634219493423345,10.063843015955893,9.311545610911065,4.181924667474737,0.005941482543533737,0.05276666666666666,67.782,4.684166192214589,0.46786951924174247,0.8799171617597958,6.6295217613499675,0.046825184123132926
1997-04-01,1997 Q2,10.647850524480344,10.068899059928045,9.332727750814529,4.185100305674711,0.002022054556480219,0.055233333333333336,68.787,4.675237147100868,0.4442223735039014,0.8935951239419667,6.785745824587275,0.05321127877685312
1997-07-01,1997 Q3,10.656953425768018,10.07821019747754,9.351489453505431,4.1880050328149725,0.004326916906919528,0.05533333333333333,69.364,4.673417446242727,0.43404944530642425,0.9121622212903749,6.853594720022701,0.051006416426413806
1997-10-01,1997 Q4,10.662399065120399,10.086147313915681,9.359339392078471,4.18807358258544,0.003279722891957023,0.05506666666666667,69.718,4.684073783583557,0.4396152495164577,0.9095077795773227,6.877739272238541,0.051786943774709646
1998-01-01,1998 Q1,10.669769017083574,10.09365169055393,9.383589779562444,4.188978991257304,0.0014556918107060217,0.0552,70.12,4.6943433912089425,0.4441353311559083,0.9168505751326691,7.004655103722096,0.053744308189293974
1998-04-01,1998 Q2,10.67625427432424,10.104426327228339,9.384598425074676,4.188401798017063,0.002359324754964693,0.055,70.504,4.700725790218832,0.44505634442147285,0.9354657112601961,7.03336538085865,0.05264067524503531
1998-07-01,1998 Q3,10.685583814855978,10.11239733460026,9.401894775827973,4.184496019375066,0.004291139350750782,0.05533333333333333,71.464,4.70044400149488,0.43125017509534147,0.9518509072727059,6.924622228841909,0.05104219398258255
1998-10-01,1998 Q4,10.698581930003753,10.118458667615611,9.433209603749942,4.194539877961186,0.0027536191724396543,0.048600000000000004,72.018,4.699143108425847,0.4222270206545845,0.9462766273644116,7.1141432360763055,0.04584638082756035
1999-01-01,1999 Q1,10.705489138008156,10.127360098712009,9.446150089841977,4.192361029962512,0.003760717516294209,0.04733333333333333,72.969,4.701434455958156,0.41139976253655663,0.9702105738635856,7.159579577257243,0.043572615817039126
1999-04-01,1999 Q2,10.710409747354918,10.13749894222037,9.450995139070907,4.19073908535412,0.0036154042286649516,0.04746666666666667,73.148,4.700098474699476,0.40761368868708975,0.9654998558867018,7.224542167144024,0.04385126243800172
1999-07-01,1999 Q3,10.720245200685072,10.147022152685482,9.467005453744157,4.191014267946544,0.003419299428053309,0.05093333333333334,73.848,4.696965103582488,0.3949561768946373,0.9696798285330587,7.156730306330612,0.04751403390528003
1999-10-01,1999 Q4,10.73408966854992,10.16138753203359,9.48169160589386,4.193370336819642,0.005360824133967372,0.053066666666666665,74.976,4.696946857571521,0.3797787952461362,0.9911384303628767,7.29250734549276,0.04770584253269929
2000-01-01,2000 Q1,10.735178542544132,10.171496307232365,9.487151037889964,4.195377858652703,0.006780390145591703,0.05676666666666667,74.87,4.729580104163053,0.413826827920459,0.9947321581807177,7.312273272051751,0.049986276521074964
2000-04-01,2000 Q2,10.750835411673373,10.182604039276784,9.514941070279068,4.192991638301277,0.006041458273619697,0.06273333333333334,76.387,4.707627491406459,0.3718149667804037,1.0094167098636389,7.28248622772044,0.05669187505971364
2000-07-01,2000 Q3,10.749463110495258,10.190977444185549,9.504505922218465,4.1867400640229375,0.005685980972804751,0.0652,76.329,4.7220372467119365,0.3869843019961545,1.0117099966375904,7.269971839759542,0.05951401902719524
2000-10-01,2000 Q4,10.75301863171864,10.198605387217109,9.50041371147142,4.1852951862463055,0.005272822853830435,0.06473333333333334,77.159,4.713145280653389,0.3672770527827878,1.028583166172777,7.1855991142980145,0.059460510479502904
2001-01-01,2001 Q1,10.747874036118608,10.20080757918404,9.463155605017919,4.1808836190867655,0.006091440821610721,0.055933333333333335,76.824,4.735355988361517,0.39383889702584585,1.0307616217599351,7.056459726401484,0.049841892511722614
2001-04-01,2001 Q2,10.7513495394883,10.201749597177786,9.452826359918012,4.169004666640123,0.006029460574438339,0.04326666666666666,78.223,4.717042454091395,0.3574787321371865,1.0454927663374483,7.110524679711841,0.037237206092228324
2001-07-01,2001 Q3,10.744580487844381,10.199025823424266,9.437968948634891,4.159680773798623,0.004020370253937027,0.03496666666666667,78.54,4.713055511629029,0.34944746247916464,1.0470382531220617,6.947139440315499,0.03094629641272964
2001-10-01,2001 Q4,10.74475296854853,10.199346840366099,9.42413198307717,4.150695659809948,0.0032944025003480318,0.021333333333333333,79.544,4.707293467452934,0.3309831397751613,1.061913725552069,7.045846260862676,0.0180389308329853
2002-01-01,2002 Q1,10.751285287964983,10.20273125360691,9.433641216429482,4.147744002147952,0.0032960023868651945,0.017333333333333333,81.271,4.690760553822274,0.2929713044693951,1.07881766133993,7.045245076773334,0.014037330946468137
2002-04-01,2002 Q2,10.755090418788047,10.211415851038767,9.43533742213757,4.151317491733103,0.0035697944376006058,0.0175,81.377,4.693574758696378,0.2944820808967036,1.0761962493837776,6.897523108415888,0.013930205562399395
2002-07-01,2002 Q3,10.757008864157203,10.214449153701871,9.43651566244346,4.149168724018666,0.004604520063158714,0.0174,81.994,4.688766571860925,0.28212049800548816,1.0819068600964052,6.703531612520438,0.012795479936841284
2002-10-01,2002 Q4,10.756114047641395,10.220717332555369,9.426279936291289,4.14473654874519,0.005649454994339701,0.014433333333333333,81.956,4.688214538062439,0.2820320201774861,1.080991279910707,6.779717341095433,0.008783878338993632
2003-01-01,2003 Q1,10.759561079588272,10.22934491306393,9.421744609651835,4.138906132600592,0.004533271040929876,0.0125,82.817,4.680184889793537,0.2635515354666981,1.0838031730144015,6.743092877417999,0.007966728959070125
2003-04-01,2003 Q2,10.765913264918073,10.232297467727397,9.431963897367742,4.137492723054034,0.0029338207554075227,0.012466666666666666,83.859,4.68401833430577,0.25488151727055103,1.100410670609489,6.881924518947615,0.009532845911259143
2003-07-01,2003 Q3,10.780267929314824,10.24322416437488,9.458985206903439,4.1319424768414175,0.005406794681818918,0.010166666666666666,85.763,4.674005711763522,0.2224180337095797,1.1154366290584123,6.90371713664904,0.004759871984847748
2003-10-01,2003 Q4,10.789298458156308,10.247238542890218,9.480179342214003,4.135424639593211,0.0058946727013097595,0.009966666666666667,86.588,4.675423595995766,0.2142623581581573,1.1077702264528753,7.013843529776502,0.004071993965356908
2004-01-01,2004 Q1,10.792674266718224,10.255126946532672,9.483289793404673,4.138965934567097,0.007412275511223687,0.010033333333333333,86.282,4.667214975359619,0.2095939737642544,1.1052899434213501,7.026613292198607,0.0026210578221096464
2004-04-01,2004 Q2,10.798084670325027,10.25957749742388,9.506682252326874,4.1342229598820746,0.008127228023935723,0.0101,87.095,4.67158507065407,0.20458559372464422,1.1186763197038514,7.0395201121589395,0.001972771976064276
2004-07-01,2004 Q3,10.805009764705105,10.26634046187592,9.519889832584319,4.136250799903597,0.006510992569919027,0.014333333333333333,87.492,4.677872170203837,0.20632480959154262,1.128559365036062,7.016232931317529,0.007822340763414306
2004-10-01,2004 Q4,10.81249180235931,10.275377110768575,9.536913969355846,4.136594688992479,0.007682976047824438,0.0195,87.917,4.668332760945732,0.19193957336155817,1.1361007330791013,7.0999611578500685,0.011817023952175562
2005-01-01,2005 Q1,10.82139697362574,10.27821092222441,9.554807935980131,4.1344149031375474,0.00789066457901477,0.024699999999999996,88.911,4.655796758165776,0.1681608887672199,1.1412885629485459,7.073769592501361,0.016809335420985227
2005-04-01,2005 Q2,10.823849983780336,10.285207143480479,9.550769728178299,4.141322882419706,0.006978636868494871,0.029433333333333332,88.688,4.656262460172434,0.1711378674949858,1.1412246794719854,7.082825609061898,0.022454696464838463
2005-07-01,2005 Q3,10.830183957124165,10.29518550305565,9.558002092670042,4.141916531595049,0.009005719439941362,0.0346,89.388,4.650831651355974,0.15784520637383384,1.1424377682081392,7.113801500381127,0.025594280560058635
2005-10-01,2005 Q4,10.833977003810096,10.301766531067043,9.568207226334376,4.142900658194351,0.008010390477404863,0.0398,89.465,4.648124305912689,0.15427681856886424,1.1384097585421757,7.129529893730101,0.03178960952259514
2006-01-01,2006 Q1,10.84499758754313,10.30611404146097,9.586307399708431,4.147311525721805,0.006959644299256644,0.04456666666666667,90.125,4.654712448213244,0.15351485260813091,1.147211958504172,7.16611924522276,0.03760702236741003
2006-04-01,2006 Q2,10.845075592184445,10.311087999347299,9.574329643345866,4.148017221608873,0.008325977500206595,0.049066666666666675,90.022,4.6480476665487584,0.1479935816457244,1.1356190142972054,7.146929647368874,0.04074068916646008
2006-07-01,2006 Q3,10.844041536545962,10.315270291575215,9.567737902907787,4.1509528674318785,0.006976011610090971,0.05246666666666667,89.74,4.647884788395628,0.15096818784779117,1.1276531574525237,7.197323072344129,0.0454906550565757
2006-10-01,2006 Q4,10.849958252911415,10.31700666876031,9.554974178241231,4.154769466699362,0.003684586288391987,0.05246666666666667,90.494,4.656594971730275,0.15131142156476807,1.1332391328111635,7.257214250300562,0.04878208037827468
2007-01-01,2007 Q1,10.850113484206355,10.3209711186681,9.54260404671873,4.15201423494441,0.009785146259008918,0.05256666666666667,90.744,4.669955551657044,0.16191319640030283,1.1309181234200252,7.2590176010759855,0.04278152040765775
2007-04-01,2007 Q2,10.853580497818749,10.32281435309254,9.544677393695634,4.1481465207530075,0.006445359225887214,0.0525,91.131,4.659213196438972,0.14691516465634658,1.1236300516433975,7.315451230241661,0.04605464077411278
2007-07-01,2007 Q3,10.856418748505275,10.32718580808583,9.535134211173801,4.143949243652131,0.005133009968099125,0.05073333333333333,92.017,4.6494167101076505,0.12744336752011828,1.121351775637599,7.330896572103244,0.04560032336523421
2007-10-01,2007 Q4,10.859940861562688,10.334622250215391,9.518345420201273,4.140794026705882,0.003969433087269753,0.04496666666666667,92.744,4.650726555647125,0.12088354627902524,1.1277179138067635,7.291901410717735,0.04099723357939691
2008-01-01,2008 Q1,10.85199374877264,10.340043636420631,9.48045588121702,4.140343653874763,0.003686363573187831,0.031766666666666665,91.998,4.666086529955364,0.1443196922730567,1.111758826337997,7.1874303810320015,0.028080303093478833
2008-04-01,2008 Q2,10.854952359417938,10.347694167544939,9.462403342531,4.135021603994522,0.005344611317350231,0.020866666666666665,92.902,4.652168269148674,0.12062309503532051,1.1138949121992665,7.154615356913663,0.015522055349316433
2008-07-01,2008 Q3,10.847082118937628,10.345653029356946,9.429363020898709,4.124515305162763,0.007420004363198653,0.0194,93.125,4.65066922605931,0.11672654935958597,1.1194601211809478,7.061643067113544,0.011979995636801348
2008-10-01,2008 Q4,10.822853550927212,10.322679687543996,9.343336277593988,4.10779358828138,0.0031211143242869145,0.005066666666666667,92.541,4.665766572111785,0.13811478255343113,1.1166159131076845,6.80599937002775,0.0019455523423797527
2009-01-01,2009 Q1,10.809546113844034,10.311938570763399,9.24774088554162,4.083163636486732,-1.0528421483497936e-4,0.0018333333333333333,93.416,4.628105157270587,0.09104252049717346,1.131240808159837,6.681945676910808,0.0019386175481683127
2009-04-01,2009 Q2,10.80604440495564,10.312921149262525,9.192340411468534,4.0674221746145784,-0.0014540552784746248,0.0018,95.344,4.637317867198409,0.0798264631937865,1.1624005284149768,6.82363426631673,0.003254055278474625
2009-07-01,2009 Q3,10.807381764073732,10.32032428133504,9.195325226026368,4.055655091239406,0.0010538741385152696,0.0015666666666666667,96.801,4.6275283685987585,0.05487104379107464,1.1628070007101066,6.963265668909704,5.127925281513972e-4
2009-10-01,2009 Q4,10.815991122155705,10.323910989432044,9.235958907312755,4.05092343314822,0.003375450767157785,0.0012,98.125,4.618066667723111,0.03182449162053913,1.167858461404924,7.016699365971316,-0.002175450767157785
2010-01-01,2010 Q1,10.817836400172942,10.327915503008137,9.24670605949375,4.054002371171978,0.0025162784956137005,0.0013333333333333333,98.592,4.60215564682722,0.01116552441296268,1.157981220474943,7.064271729594139,-0.0011829451622803672
2010-04-01,2010 Q2,10.825203541055348,10.329032433795248,9.28295801757543,4.062201049893606,0.0046384889008279475,0.0019333333333333333,98.882,4.606189666141557,0.012262446099513184,1.1534160807087837,6.938003164139856,-0.002705155567494614
2010-07-01,2010 Q3,10.83057973810414,10.33295500002441,9.30777451482423,4.065122205963328,0.0029037566262262414,0.0018666666666666666,99.432,4.603428670429788,0.003954676986578208,1.1609922317514696,7.039835619339345,-0.0010370899595595747
2010-10-01,2010 Q4,10.833602291003352,10.336627170959373,9.308648310844024,4.061983357897118,0.005606668053802394,0.0018666666666666666,99.73,4.600459106257972,-0.0020074281558043893,1.153321409140163,7.136992227784899,-0.0037400013871357277
2011-01-01,2011 Q1,10.829570186872752,10.343080416292443,9.294712995797106,4.06059661746611,0.005359566749610789,0.0015666666666666667,99.005,4.6206596031842215,0.025489249274463513,1.1472754606473907,7.1897939573986225,-0.003792900082944122
2011-04-01,2011 Q2,10.835041211076195,10.3488101657476,9.312398238786129,4.062528954026397,0.006546986833893208,9.333333333333333e-4,99.261,4.605750017853101,0.007997273192871336,1.1441591036240801,7.185871746564217,-0.0056136535005598745
2011-07-01,2011 Q3,10.83281296268074,10.349348541443874,9.31383060900113,4.063009768739816,0.006423231143670581,8.333333333333334e-4,98.835,4.610376609015461,0.016924815981567615,1.1411927362032281,7.031228759966886,-0.005589897810337248
2011-10-01,2011 Q4,10.842420014891108,10.349506777334021,9.36814196394253,4.068681371922424,0.0015208665785876021,7.333333333333333e-4,99.483,4.5868941927928475,-0.013092582503089005,1.1481957888569376,7.136960421674942,-7.875332452542688e-4
2012-01-01,2012 Q1,10.848598950218477,10.355560183040831,9.38468687804103,4.069939377062435,0.006231619525674603,0.0010333333333333334,99.854,4.602326145536356,-0.001382973613219299,1.160960913732645,7.2502592878350685,-0.0051982861923412695
2012-04-01,2012 Q2,10.851276951469654,10.354788434594182,9.396403560333747,4.067711504076914,0.003949099001157162,0.0015333333333333336,100.326,4.598508043114541,-0.009916840594046005,1.1606163507760183,7.216826954112388,-0.0024157656678238286
2012-07-01,2012 Q3,10.850714777975867,10.35194231159798,9.393437016488388,4.067895624081632,0.005121598887447578,0.0014333333333333333,100.084,4.596815381605338,-0.009194451780197233,1.153384524515089,7.272863562139682,-0.0036882655541142445
2012-10-01,2012 Q4,10.849938847305134,10.353962029458284,9.390654966481046,4.071770044999787,0.005095501714779285,0.0016,99.742,4.622646580289327,0.020059728236839984,1.1500655702570253,7.2627618319303,-0.003495501714779285
2013-01-01,2013 Q1,10.857285992746686,10.35573733004601,9.417593384312712,4.068935528958322,0.003982648074655932,0.0014333333333333333,100.33,4.6006198488892736,-0.007844904048248015,1.1513628540536387,7.358314841641118,-0.0025493147413225984
2013-04-01,2013 Q2,10.856977725399389,10.353277228253972,9.421721288909112,4.068692370350265,0.00288295603736895,0.0011666666666666668,99.996,4.608554452891236,0.003424267703166662,1.1500022450504057,7.381676225511917,-0.001716289370702283
2013-07-01,2013 Q3,10.862856930775358,10.355265796781017,9.4419633484455,4.069718621712824,0.004789804042031503,8.333333333333333e-4,100.475,4.596109259497578,-0.013799680837686764,1.1539208444269904,7.4274712660935744,-0.00395647070869817
2013-10-01,2013 Q4,10.868835079697146,10.361005563453752,9.442956781341213,4.0666426886438565,0.00586007008739589,8.666666666666667e-4,101.226,4.589172909153084,-0.028182731698809162,1.160553690208293,7.522054038424367,-0.004993403420729224
2014-01-01,2014 Q1,10.864675165292565,10.364467534078024,9.43743950525209,4.072050621241322,0.003680412309710158,7.333333333333333e-4,100.356,4.6172568471232385,0.008532982935849377,1.1562520681145243,7.534944264477532,-0.0029470789763768246
2014-04-01,2014 Q2,10.87545894023684,10.370443922163526,9.468752994353094,4.076032134497543,0.006239302529454769,9.333333333333333e-4,101.198,4.595483420398548,-0.02159557341368014,1.164056649409079,7.580817092278725,-0.005305969196121436
2014-07-01,2014 Q3,10.885472387605645,10.377694288134256,9.482198412069867,4.079169480499263,0.004721353100888771,9e-4,102.127,4.58649692072247,-0.03972021610926513,1.170684857459761,7.586950583174021,-0.003821353100888771
2014-10-01,2014 Q4,10.888184317074343,10.384025212269046,9.487782864714479,4.084649430690656,0.001959071412406838,0.001,101.557,4.601704186344917,-0.018916030866613583,1.1643063918634722,7.6299271385826986,-9.59071412406838e-4
2015-01-01,2015 Q1,10.894792988215729,10.38691812185011,9.50974623321839,4.083870086944841,-8.158133871545642e-4,0.0011,102.298,4.60870393493623,-0.019186187488109428,1.1755733298042381,7.63428404272424,0.0019158133871545642
2015-04-01,2015 Q2,10.901358271402707,10.391966259282963,9.510421483286395,4.083037468413742,0.005649029317262485,0.0012333333333333335,102.867,4.606958585847308,-0.026478305849092415,1.1812362773520657,7.631969832056943,-0.0044156959839291516
2015-07-01,2015 Q3,10.90178214468937,10.396836574678295,9.50761616171267,4.08049712114922,0.0036120217489049897,0.0013666666666666669,103.033,4.6073278565418905,-0.027721468723872187,1.1789626413217682,7.5600960898997585,-0.002245355082238323
2015-10-01,2015 Q4,10.900823566261407,10.400218454926629,9.49389162058675,4.0840820407890375,2.6633438439181104e-4,0.0016,102.232,4.613326829938363,-0.013917910368038772,1.1662086299049188,7.622634596685315,0.001333665615608189
2016-01-01,2016 Q1,10.90301588298034,10.406330571982783,9.486626024466869,4.087408071330994,-8.563273596547758e-4,0.0036,102.356,4.6137433313327225,-0.014713601430558113,1.1733795672411051,7.630335040225788,0.004456327359654776
2016-04-01,2016 Q2,10.907037963903628,10.412688212801173,9.483192973688126,4.085220469887531,0.006858535752262777,0.0037333333333333333,102.6,4.605370165990758,-0.02546776674591153,1.1663332404969804,7.649149619168371,-0.0031252024189294438
2016-07-01,2016 Q3,10.909929726232107,10.417349326633182,9.483576940817828,4.08678388648127,0.003717862267880358,0.003966666666666667,102.907,4.603939428917229,-0.029886238819912876,1.1702195175205445,7.681684893550618,2.4880439878630914e-4
2016-10-01,2016 Q4,10.912503307392482,10.421941756096542,9.494415887821482,4.083895104649201,0.005148161606157672,0.0045000000000000005,103.262,4.607687016112366,-0.029582431735725296,1.1746160816649376,7.713708686963158,-6.481616061576713e-4
2017-01-01,2017 Q1,10.915506558619143,10.425424702447721,9.50032024692122,4.087752682841207,0.005187048710274847,0.007000000000000001,103.376,4.6148036349563295,-0.02356919185948018,1.1792086891793176,7.767568776725463,0.0018129512897251537
2017-04-01,2017 Q2,10.921468071178648,10.429769760450254,9.512502393895122,4.092606026384886,0.0028391259675079523,0.0095000000000000015,103.805,4.612056421351045,-0.030457717777468384,1.1799464697230815,7.792930918222845,0.00666087403249205
2017-07-01,2017 Q3,10.92669359075441,10.432328377208966,9.525607869548773,4.093921647860274,0.0047942153335637765,0.011533333333333333,104.392,4.613822645267231,-0.034330398892714976,1.1843617586768205,7.8317601799961025,0.006739117999769556
2017-10-01,2017 Q4,10.930675444525871,10.439357082320196,9.5299994484038,4.093616721716768,0.006702926152468461,0.012033333333333333,104.31,4.612354318201499,-0.03501291648638114,1.1808679306108392,7.891184898109419,0.005330407180864872
