date,quarter,RGDP,RCon,RInv,Hours,Infla,InRt,AAA10Y,BAA10Y,Productivity,labshare,Rwage,TFP,SP500In,Rinr
1954-07-01,1954 Q3,9.710206155505832,9.074565726103756,8.265512339321253,4.1507728930544845,0.0013044524866427179,0.0025666666666666667,0.5366666666666666,1.14,29.228,4.734047012908977,3.7996378748333552,-0.758646162792641,3.475376779836407,0.0012622141800239489
1954-10-01,1954 Q4,9.724719673941472,9.08116596446536,8.3107219232317,4.157827923842863,0.0027406663266531447,0.002466666666666667,0.41333333333333333,0.98,29.554,4.72820164675648,3.812445734526047,-0.7180548162661302,3.582963228522387,-2.739996599864778e-4
1955-01-01,1955 Q1,9.748703338735261,9.086188056298973,8.399206062772718,4.168624656458048,0.004641963417591289,0.003358333333333333,0.31333333333333335,0.82,30.133,4.711150509525323,3.817866160277645,-0.7509881802497953,3.5995016429627196,-0.0012836300842579557
1955-04-01,1955 Q2,9.760828918798548,9.091081364444745,8.447828160819917,4.179876523250919,0.004145858386721679,0.00375,0.27,0.7366666666666667,30.238,4.712687374354564,3.8274014976974,-0.722781985689636,3.714303506454095,-3.958583867216788e-4
1955-07-01,1955 Q3,9.769727562356604,9.09097808470039,8.469037334528196,4.19519088703117,0.006961604270336471,0.00485,0.15333333333333335,0.61,30.351,4.716523707657323,3.8443221560638863,-0.6913487986185659,3.7766613674974696,-0.0021116042703364707
1955-10-01,1955 Q4,9.770870027921289,9.098906560070745,8.480673388024575,4.203343800023591,0.009918987563113695,0.0058916666666666674,0.20666666666666667,0.6866666666666666,30.239,4.719400250644927,3.850317799991467,-0.8117055166840805,3.8172726688823353,-0.004027320896447028
1956-01-01,1956 Q1,9.762845222733661,9.099308991429496,8.447137625447661,4.20122327175016,0.009887601706049286,0.006208333333333333,0.19666666666666666,0.6933333333333334,29.877,4.737706083271511,3.8656858302197805,-0.7652878583376277,3.881151341761059,-0.003679268372715953
1956-04-01,1956 Q2,9.76703761939823,9.10047938316159,8.427493164875006,4.197652850420425,0.005925358043574712,0.006733333333333333,0.17666666666666667,0.64,30.023,4.745896880231778,3.878176624644316,-0.6354444704316562,3.8495091000389037,8.079752897586214e-4
1956-07-01,1956 Q3,9.761463052506711,9.097989294122387,8.41985006137767,4.197985311145687,0.012459797840855177,0.007025,0.15,0.6599999999999999,30.017,4.748603640974144,3.8831295817731646,-0.6768802080960734,3.814410176561146,-0.005434797840855177
1956-10-01,1956 Q4,9.772809228894012,9.104188165639464,8.416687279283527,4.196147432288251,0.004011392542585733,0.007316666666666667,0.20333333333333334,0.7866666666666666,30.339,4.748681611994955,3.8913303822030567,-0.6211986812473612,3.8431015599617244,0.0033052741240809334
1957-01-01,1957 Q1,9.77468780514454,9.100114176292605,8.412621848980255,4.19326297712051,0.013659750020224968,0.007333333333333333,0.2966666666666667,1.06,30.688,4.739972021258493,3.897335672676269,-0.5523423039689243,3.786686514116848,-0.006326416686891634
1957-04-01,1957 Q2,9.768412111339039,9.100346812412626,8.399513364723123,4.183123420066855,0.006981938867118385,0.0075,0.14666666666666667,0.9033333333333333,30.566,4.747858277791777,3.898917502249666,-0.4547603998330418,3.85798911693566,5.180611328816148e-4
1957-07-01,1957 Q3,9.773720494477063,9.109875540442662,8.398563283781911,4.179344829232159,0.005927998692837494,0.008083333333333333,0.14333333333333334,0.9,30.998,4.741892731463869,3.903244587616564,-0.38846050929234055,3.7476199491365363,0.0021553346404958387
1957-10-01,1957 Q4,9.758750756069444,9.112781553517296,8.318782191443125,4.1611496703507,6.914108198378453e-4,0.008133333333333333,0.36333333333333334,1.4033333333333333,31.106,4.749495612853901,3.9119230004278127,-0.26618154100577845,3.688629422858727,0.007441922513495488
1958-01-01,1958 Q1,9.728717411895008,9.104659489216322,8.245859572766644,4.14193834044695,0.010749431674114839,0.004658333333333333,0.5666666666666667,1.6833333333333333,30.685,4.759914975011812,3.9004159028863934,-0.24884604866658286,3.7400477406883357,-0.006091098340781506
1958-04-01,1958 Q2,9.73145290361031,9.112575009324338,8.216032287671062,4.137105933042068,0.0029173541066117178,0.00235,0.6566666666666666,1.69,31.268,4.7484563457899975,3.9027198651020014,-0.2378765509162745,3.81198165124792,-5.673541066117177e-4
1958-07-01,1958 Q3,9.749986661550366,9.11898934013765,8.277187694854856,4.142622365571047,0.006055756008730848,0.0033083333333333333,0.37,1.19,31.855,4.747598136620368,3.9261428495888273,-0.2383841007304946,3.913222286003628,-0.002747422675397515
1958-10-01,1958 Q4,9.768526567102011,9.119823403058502,8.348067281808012,4.151768417238375,0.0047325001512671765,0.005408333333333333,0.29333333333333333,1.08,32.396,4.73035685807705,3.9290767599939738,-0.22602269206505327,4.011144096295953,6.758331820661562e-4
1959-01-01,1959 Q1,9.783238979939952,9.130925550929495,8.390910736186962,4.1585318369630615,0.002327291594290302,0.006424999999999999,0.14,0.88,32.435,4.73413491726909,3.936988751445894,-0.2775997371102685,4.015301354881648,0.004097708405709697
1959-04-01,1959 Q2,9.801676286389442,9.141328618621918,8.446891909005982,4.170743292673053,0.0015281643610854853,0.0077083333333333335,0.09666666666666666,0.6966666666666667,32.747,4.730683267706385,3.94359918886289,-0.2772038281641536,4.068513802187579,0.006180168972247848
1959-07-01,1959 Q3,9.798127036878302,9.149210822063527,8.401752211532067,4.165913643213362,0.0038406484860261637,0.008941666666666667,-0.03,0.6133333333333334,32.791,4.7311418255500275,3.944296565978442,-0.23041996028498593,4.040943785494986,0.005101018180640503
1959-10-01,1959 Q4,9.79657027019005,9.156610540540187,8.39868420162651,4.161113074003765,0.00388656589312474,0.009975000000000001,-0.013333333333333334,0.69,32.688,4.738835319668881,3.9478533624289733,-0.1860886433631986,4.092509546276371,0.006088434106875261
1960-01-01,1960 Q1,9.81290617430489,9.15447608850531,8.47178633904965,4.1566096272021245,0.0040526291667649485,0.009833333333333335,0.06666666666666667,0.8233333333333334,33.45,4.735803633623295,3.968044106105926,-0.11272087006411878,4.01349597435878,0.005780704166568386
1960-04-01,1960 Q2,9.801454826970977,9.163088973399296,8.402213856445856,4.167095169636826,0.0024718910485436634,0.009241666666666667,0.19333333333333333,0.9866666666666667,32.931,4.755889270335082,3.9685923569160404,-0.12069978523778481,4.041646773221651,0.006769775618123004
1960-07-01,1960 Q3,9.801399454452342,9.156207365819373,8.384570529085023,4.1645036548136405,0.003486418535086998,0.0073416666666666665,0.48,1.27,33.13,4.751976821359518,3.9740395991784516,-0.09706171284313124,3.9800554158199732,0.0038552481315796685
1960-10-01,1960 Q4,9.784478765953926,9.160126608246587,8.285463535184329,4.153429351237505,0.002935979819541462,0.0057416666666666675,0.43333333333333335,1.21,32.694,4.766395779487311,3.972026257763956,-0.06251390538924231,4.062337766087015,0.0028056868471252054
1961-01-01,1961 Q1,9.787852208937204,9.164742212836822,8.279661914183619,4.1468537910648005,0.002151566691831151,0.005008333333333333,0.48333333333333334,1.2766666666666666,33.116,4.761481387349815,3.9787653463699426,-0.06892144546642182,4.175309921045206,0.0028567666415021823
1961-04-01,1961 Q2,9.800845560564248,9.171714754929075,8.328447445874442,4.141015007576027,0.00232565178318566,0.004333333333333333,0.49333333333333335,1.2266666666666666,33.988,4.747442019428079,3.9929576229241452,-0.04175993424823165,4.16883341421284,0.002007681550147673
1961-07-01,1961 Q3,9.81569405158546,9.170425282451749,8.383113857047654,4.140544619632726,0.0025579265010382364,0.004208333333333333,0.45666666666666667,1.1266666666666667,34.566,4.737241763600983,3.9965112018733375,-0.01582455034697146,4.200654626915515,0.0016504068322950967
1961-10-01,1961 Q4,9.830809327038143,9.180159037755269,8.405608079219865,4.148044075394615,0.00314381728223179,0.006,0.43666666666666665,1.14,34.857,4.735610556321564,4.002265822353973,-0.04929529172487751,4.27039650600246,0.00285618271776821
1962-01-01,1962 Q1,9.844957610345725,9.185291700331655,8.440127602672181,4.149552084422848,0.005139273502547291,0.006141666666666667,0.39333333333333337,1.0466666666666666,35.431,4.730656806029507,4.014200460519475,-0.010555513939516587,4.242045918369452,0.001002393164119376
1962-04-01,1962 Q2,9.850455905984322,9.194030019860241,8.434829844951716,4.153300041880073,0.001589591456554165,0.006516666666666666,0.42333333333333334,1.14,35.288,4.737723600547925,4.0171214867579765,-0.026857454169882642,4.00277736869661,0.0049270752101125016
1962-07-01,1962 Q3,9.858803944909488,9.198770848834675,8.442307319016905,4.151513873615077,0.002115532316297308,0.007116666666666667,0.3466666666666667,1.0566666666666666,35.877,4.726989509309186,4.021271951332775,0.02215280464113328,4.030161533445187,0.005001134350369359
1962-10-01,1962 Q4,9.858019364488982,9.206243318818089,8.427950657296662,4.14414927353379,0.0020524856934193317,0.007308333333333333,0.35333333333333333,1.0533333333333335,36.149,4.729218001313056,4.027919818840859,0.06691070528262681,4.144720769547168,0.005255847639914001
1963-01-01,1963 Q1,9.865629909979887,9.2068180706724565,8.458925085245381,4.143110726610126,0.004384049108534449,0.007416666666666667,0.30333333333333334,1,36.255,4.7308861173029255,4.0346653267205,0.06090693490352136,4.198254025612612,0.003032617558132218
1963-04-01,1963 Q2,9.873543676163056,9.210598648240293,8.475062653735465,4.148030264094569,0.0017482521935294133,0.007408333333333334,0.25666666666666665,0.89,36.528,4.727865580672113,4.037844754982616,0.06391332574365285,4.23945449739721,0.00566008113980392
1963-07-01,1963 Q3,9.891465577308802,9.224265076351292,8.493948468383012,4.146824869805955,0.001338259880291695,0.008325,0.2533333333333333,0.8033333333333333,37.428,4.7140245909001735,4.041945393422893,0.11573649848259676,4.272490747605575,0.006986740119708306
1963-10-01,1963 Q4,9.894144037532975,9.22320019802317,8.504439877222248,4.148858621746869,0.008049848015045815,0.008633333333333333,0.21333333333333332,0.72,37.4,4.719962085988446,4.0506016392741815,0.11315009793265578,4.317754744653741,5.834853182875178e-4
1964-01-01,1964 Q1,9.911902051137146,9.238489523158895,8.531641802296468,4.160632595738321,0.0031673843751029405,0.008658333333333334,0.19666666666666666,0.65,37.686,4.708241082467281,4.044979232676772,0.16551443847757333,4.369194655858504,0.005490948958230393
1964-04-01,1964 Q2,9.919557732713622,9.251788843902755,8.535179980578478,4.169982121215434,0.0022972672634651212,0.008725,0.20666666666666667,0.65,37.896,4.710781670150688,4.0544075926184,0.1408917386974817,4.4029315953537775,0.0064277327365348785
1964-07-01,1964 Q3,9.931443128549459,9.26405691825267,8.550919398262128,4.16472034512169,0.0040075624713206285,0.008641666666666666,0.21666666666666667,0.63,38.287,4.708728077895542,4.065207504367222,0.17151335807735127,4.432957363342425,0.004634104195346037
1964-10-01,1964 Q4,9.931005438572868,9.268785348434271,8.544890319374844,4.164956538164187,0.004503613347013286,0.008941666666666667,0.2566666666666667,0.6366666666666667,37.919,4.72244642657888,4.06791502538512,0.16432729342167599,4.43970574626056,0.004438053319653381
1965-01-01,1965 Q1,9.95213484935765,9.275293354164312,8.630621042524606,4.173287219360643,0.005049512870952543,0.009933333333333332,0.21666666666666667,0.5833333333333333,38.458,4.709043596452904,4.068872896248431,0.16024634914209704,4.456206032848133,0.0048838204623807896
1965-04-01,1965 Q2,9.96199228190869,9.287106762191227,8.625504197523425,4.177291848784771,0.004573566031061602,0.010191666666666665,0.23666666666666666,0.6133333333333333,38.636,4.709647311571777,4.0691805885585515,0.17024897555968538,4.432244350834499,0.0056181006356050625
1965-07-01,1965 Q3,9.980633761712781,9.299274203270329,8.649412427743759,4.178132490499035,0.003823451382610793,0.010183333333333332,0.25,0.6433333333333333,39.426,4.695787553571705,4.076655699351017,0.23846556741199434,4.499365127091115,0.006359881950722539
1965-10-01,1965 Q4,10.000160439796389,9.319070759843383,8.663965953246121,4.181928688814623,0.006879029391814133,0.010416666666666668,0.13999999999999999,0.49333333333333335,40.11,4.6895940515889185,4.086060342634403,0.25897390831503725,4.526451601276686,0.0035376372748525346
1966-01-01,1966 Q1,10.021714933900778,9.328459671183206,8.720095947916432,4.186285743882121,0.0063890880966516505,0.011391666666666666,0.043333333333333335,0.39666666666666667,40.653,4.690420847160298,4.093927808725758,0.2838999291563206,4.49121730591206,0.005002578570015016
1966-04-01,1966 Q2,10.022514258957768,9.33673753982389,8.694029460763675,4.186376726773178,0.008162860393653201,0.012283333333333334,0.22333333333333333,0.71,40.37,4.702750514326955,4.100691047280964,0.26834633614503856,4.439587745198413,0.004120472939680132
1966-07-01,1966 Q3,10.02791513091118,9.339998027971328,8.692092144284523,4.186467269196956,0.009621240784230534,0.013525,0.18,0.7266666666666667,40.504,4.706164182260713,4.106273133087375,0.27558418725364436,4.338074747144699,0.0039037592157694662
1966-10-01,1966 Q4,10.033023473885162,9.341753800365886,8.694321829569327,4.186716550461851,0.00834331419106846,0.013908333333333333,0.38,1.1333333333333333,40.76,4.7017522838343355,4.111513004142135,0.3034323825430128,4.386143150185721,0.005565019142264873
1967-01-01,1967 Q1,10.039372423556493,9.348901214455017,8.666587917747387,4.176698890906704,0.004145697379706345,0.012058333333333332,0.5366666666666666,1.2966666666666666,41.086,4.702442076742298,4.122462197030718,0.3590720685384538,4.502029427068578,0.007912635953626988
1967-04-01,1967 Q2,10.037537560656384,9.354894709133426,8.649980893804893,4.171944937667908,0.005091251384365476,0.009975,0.44333333333333336,1.16,41.242,4.709241871460989,4.132555149985853,0.38967442220184023,4.506895616719751,0.004883748615634524
1967-07-01,1967 Q3,10.044118682275874,9.358803374354684,8.66347500760499,4.175413838839862,0.00952312147410976,0.009733333333333333,0.37,1.0833333333333335,41.455,4.7089624726173245,4.135998210822213,0.37864189406428866,4.571716809728872,2.1021185922357258e-4
1967-10-01,1967 Q4,10.0488425203955,9.359968964305674,8.675780488372625,4.177489020039782,0.011057982195651479,0.010433333333333333,0.38333333333333336,1.08,41.574,4.7100525873675,4.138616598498204,0.4028617222380495,4.569232079182462,-6.246488623181459e-4
1968-01-01,1968 Q1,10.066923561388053,9.375412408514348,8.705821971157677,4.168941321556733,0.011040628761717424,0.011966666666666665,0.5166666666666667,1.22,42.505,4.704064842962306,4.1553455837795,0.441282600973558,4.502029427068578,9.260379049492416e-4
1968-04-01,1968 Q2,10.081173380925554,9.387508055654616,8.730377992335528,4.178503270712288,0.01045889128951525,0.014950000000000001,0.51,1.28,42.9,4.700062096511833,4.161785118379689,0.4575514213064959,4.600961341214036,0.0044911087104847515
1968-07-01,1968 Q3,10.086184039035157,9.399671127734413,8.722853285291162,4.176027085975193,0.009792499326069015,0.014858333333333333,0.6166666666666667,1.4033333333333333,42.921,4.709440107163888,4.1645544705969035,0.45355661557541826,4.6315199613108735,0.005065834007264318
1968-10-01,1968 Q4,10.087432790446181,9.400743848539369,8.727958574039091,4.171337209602376,0.014010913604164893,0.014791666666666668,0.47333333333333333,1.2566666666666666,42.817,4.717855807430984,4.171953541549083,0.4407035435341834,4.6430438384161725,7.807530625017749e-4
1969-01-01,1969 Q1,10.100902955277606,9.408412938861762,8.769699219264973,4.175426320250302,0.01025701085629508,0.016416666666666666,0.5233333333333333,1.2,43.161,4.711654070430864,4.173355969056923,0.436576103133217,4.62015731579634,0.006159655810371586
1969-04-01,1969 Q2,10.101641447146731,9.415169525150029,8.75770301674342,4.175396960763505,0.012650608031742363,0.020816666666666664,0.5333333333333333,1.2333333333333334,42.808,4.724747167117195,4.1737409072021165,0.4171960309838631,4.582003907956252,0.008166058634924301
1969-07-01,1969 Q3,10.105407467398711,9.418107486782258,8.759839247450586,4.176189574310164,0.013940723644942254,0.02245833333333333,0.20666666666666667,1.06,42.857,4.731476792585352,4.177796835331047,0.412109650826833,4.533888983983128,0.008517609688391076
1969-10-01,1969 Q4,10.097572976250325,9.424770399625759,8.722315145611073,4.17234393756046,0.012797030541774175,0.02235,0.17,1.0766666666666667,42.651,4.745340740522104,4.18176002422505,0.40719694095292314,4.5224405383890955,0.009552969458225823
1970-01-01,1970 Q1,10.093653263353131,9.431368139108187,8.687854860492944,4.165506286923953,0.013998147799664882,0.021433333333333335,0.5266666666666666,1.3900000000000001,42.788,4.749504268876546,4.183865288160512,0.4367053438442209,4.4956900853692705,0.007435185533668454
1970-04-01,1970 Q2,10.091956839916318,9.42994240504117,8.689101697253825,4.151100328303639,0.013851218301362572,0.0197,0.4266666666666667,1.2633333333333334,43.421,4.735970352207099,4.185753201511866,0.48168513401957347,4.286616449869223,0.0058487816986374265
1970-07-01,1970 Q3,10.097737680195356,9.437986978840325,8.690603562211605,4.140372799556316,0.008164440287168185,0.016758333333333333,0.76,1.95,44.109,4.731415096561641,4.191682986777015,0.5156937551628512,4.4343818650078095,0.008593893046165148
1970-10-01,1970 Q4,10.08351481277671,9.441459180748653,8.628501024406399,4.1339374083449405,0.013143672240550528,0.013916666666666666,1.0533333333333332,2.4233333333333333,43.708,4.736119497909567,4.187197179236717,0.5128236264286637,4.523417684115833,7.72994426116138e-4
1971-01-01,1971 Q1,10.107244390050148,9.437702112509827,8.734105349782574,4.129657899146095,0.01507441868770584,0.009641666666666666,1.2,2.513333333333333,44.997,4.716979861040097,4.199214957790696,0.542208004994659,4.608265390895394,-0.005432752021039173
1971-04-01,1971 Q2,10.109729065774982,9.440678819044507,8.754933646588963,4.126621940485328,0.01304482070672563,0.011408333333333333,1.2266666666666666,2.36,45.129,4.716613165898276,4.204632916116224,0.5431960037964414,4.592084946439436,-0.001636487373392297
1971-07-01,1971 Q3,10.11484188327536,9.444060996421559,8.765494227081753,4.126288271389004,0.010131443430404204,0.013683333333333332,1.0733333333333333,2.22,45.559,4.711528203975007,4.208417018481948,0.5923318753211291,4.5884308619837935,0.003551889902929128
1971-10-01,1971 Q4,10.114113079291366,9.45286297337295,8.754801697837987,4.133215474849088,0.008300245380037829,0.011875,1.41,2.5233333333333334,45.164,4.723317599695173,4.207881559164062,0.5607579925141997,4.625854777180924,0.0035747546199621713
1972-01-01,1972 Q1,10.129945604818168,9.457609783072769,8.79441181437825,4.134412885816191,0.015075986172943909,0.00885,1.2,2.1999999999999997,45.871,4.723130983621656,4.227242420873015,0.5696792665597005,4.674696248636701,-0.0062259861729439085
1972-04-01,1972 Q2,10.150035081629355,9.472734121642558,8.837609622951225,4.136958012439284,0.006204601095609105,0.01075,1.1333333333333333,2.08,46.776,4.711231456060181,4.2324094131779955,0.5845035034432017,4.674136390452814,0.004545398904390894
1972-07-01,1972 Q3,10.156849882434335,9.483533193133598,8.853890699934501,4.138128570831596,0.009529101915728389,0.011850000000000001,0.9166666666666667,1.8800000000000001,47.047,4.712615526886707,4.237636498714483,0.5997152357673927,4.705467907303455,0.0023208980842716123
1972-10-01,1972 Q4,10.170801087594812,9.496489562117324,8.873454916959071,4.1387580620195505,0.012676343540758347,0.012858333333333334,0.7633333333333333,1.62,47.447,4.71665789201789,4.2460064332467695,0.6181542015185152,4.771108263531522,1.81989792574987e-4
1973-01-01,1973 Q1,10.193092774549758,9.506385837967043,8.921235644315916,4.142437225992769,0.01145318003083941,0.016341666666666668,0.6166666666666666,1.3633333333333333,48.52,4.714508778595126,4.25635002658588,0.6404318228879509,4.714203947012214,0.004888486635827258
1973-04-01,1973 Q2,10.201701469897316,9.511787646188935,8.937794778560919,4.148202266798561,0.01524450750283143,0.019541666666666666,0.5,1.2866666666666666,48.537,4.716944091823081,4.249437654981617,0.6277549617928931,4.64688777933996,0.004297159163835235
1973-07-01,1973 Q3,10.193953247114495,9.516248641400136,8.90507068171012,4.14942399967595,0.019298599215022878,0.0264,0.38,1.26,48.08,4.730762648535957,4.2470799552890774,0.6050260971647659,4.68610480348409,0.007101400784977122
1973-10-01,1973 Q4,10.200959051807608,9.517976866422897,8.917531666273291,4.152002368647795,0.019709510923926265,0.024991666666666666,0.8966666666666666,1.6833333333333333,47.781,4.733756873684075,4.242117806511534,0.6123166626453966,4.5803650670691205,0.005282155742740401
1974-01-01,1974 Q1,10.190281730926614,9.523096091697985,8.861857927357734,4.1452472053670455,0.01871943655062112,0.023308333333333334,0.8433333333333334,1.49,47.675,4.736294934967587,4.235352105326069,0.5945967568306683,4.54308199367467,0.004588896782712213
1974-04-01,1974 Q2,10.190506905437811,9.529276417637139,8.868650737297362,4.1385166291364,0.02333564678029852,0.028125,0.8200000000000001,1.52,47.534,4.7291208294557165,4.234758465937315,0.6096568700609197,4.454347296253507,0.004789353219701482
1974-07-01,1974 Q3,10.178464252490356,9.526677322847751,8.835647338378571,4.133526441359199,0.028893995083389443,0.030225,1.0233333333333334,1.8466666666666667,47.05,4.7380213473077495,4.236278058110767,0.5781851620902637,4.15166962884137,0.001331004916610555
1974-10-01,1974 Q4,10.171986805571136,9.518176845137459,8.806888632519412,4.116229077407525,0.028995798058897657,0.023366666666666664,1.3466666666666667,2.9,47.482,4.726369601389936,4.233280076242878,0.6072624414027756,4.227709274289524,-0.005629131392230993
1975-01-01,1975 Q1,10.157703323404748,9.51915419081979,8.699758757953534,4.088859171501357,0.022461932714277936,0.015758333333333333,1.1666666666666667,3.1066666666666665,47.858,4.716362662653844,4.242045918369452,0.6589697287583588,4.423168578005057,-0.006703599380944603
1975-04-01,1975 Q2,10.162422867948395,9.52915145778896,8.692870098442041,4.0823228805261405,0.014755511278367122,0.01355,0.8233333333333334,2.58,48.625,4.706525692292035,4.2512058507423305,0.6843586745268659,4.555874894263214,-0.0012055112783671221
1975-07-01,1975 Q3,10.176449310831199,9.535149481525666,8.753280734514867,4.087896861688584,0.017503716174275586,0.0154,0.6166666666666667,2.2866666666666666,49.218,4.696682252994143,4.2488237595101594,0.6737094866674702,4.42926798099632,-0.0021037161742755855
1975-10-01,1975 Q4,10.187236901960196,9.54057413294519,8.776047731777965,4.092514318073199,0.01658161312423527,0.013533333333333333,0.7466666666666667,2.5166666666666666,49.263,4.697685554853237,4.246707931475263,0.6521168310019534,4.501918556177617,-0.003048279790901937
1976-01-01,1976 Q1,10.207325906555994,9.553353761401942,8.848795977244164,4.104874711812816,0.010537025521966118,0.012066666666666665,0.8033333333333333,2.5033333333333334,49.992,4.69064121057719,4.254321095902135,0.6538864666066427,4.632493481636982,0.0015296411447005467
1976-04-01,1976 Q2,10.212515179007287,9.559033332819551,8.879045817171093,4.103553648036812,0.010010866924116995,0.012991666666666669,0.76,2.123333333333333,50.462,4.688932122593406,4.264087336809195,0.6710549340851292,4.647079589065301,0.0029807997425496738
1976-07-01,1976 Q3,10.215410916235928,9.569556529612429,8.883806883876504,4.103341951911895,0.012856592566649939,0.013208333333333332,0.7333333333333334,1.8900000000000001,50.585,4.693519833760443,4.269025895586638,0.6687007876550191,4.656243456172092,3.5174076668339355e-4
1976-10-01,1976 Q4,10.219975716829579,9.577054089851519,8.892969395146505,4.101551919993959,0.017738407376149144,0.012183333333333332,0.9933333333333334,2.0233333333333334,50.731,4.693528988125931,4.2756517157941465,0.6877325478584465,4.677118685300675,-0.005555074042815812
1977-01-01,1977 Q1,10.229404275217824,9.585277874693364,8.933591661087387,4.104592316831478,0.015993438296328284,0.01165,0.68,1.7533333333333334,51.055,4.6919348658838285,4.276221575776905,0.70275091670264,4.589244035437832,-0.004343438296328283
1977-04-01,1977 Q2,10.246261321304372,9.590167377863336,8.97896261925124,4.115607269097672,0.013994733815354841,0.012891666666666666,0.6433333333333333,1.6266666666666667,51.259,4.691907358720503,4.279038303161111,0.6921466802263617,4.609958702719888,-0.0011030671486881756
1977-07-01,1977 Q3,10.261336806702628,9.599486954167801,9.013268078921566,4.116868798889688,0.01210537944233243,0.01455,0.59,1.4733333333333334,51.796,4.687745069611761,4.284579172507917,0.7218803993828178,4.569853840860524,0.00244462055766757
1977-10-01,1977 Q4,10.258536174730276,9.603433988865536,9.013252318037937,4.124210717374924,0.02136298223457017,0.01628333333333333,0.5066666666666667,1.3466666666666667,51.136,4.7004258188502135,4.287097632212242,0.7028004375880836,4.554928969551344,-0.005079648901236841
1978-01-01,1978 Q1,10.25937718820102,9.614531487861228,9.012329077768463,4.122476486989908,0.014442878514568545,0.016891666666666666,0.44,1.1866666666666665,51.16,4.71441913189272,4.297992639063872,0.7166195367450874,4.490993140925692,0.002448788152098121
1978-04-01,1978 Q2,10.294752311243151,9.626495292817884,9.072429055121951,4.140410020327759,0.018928907873621618,0.018208333333333333,0.35,1.15,52.169,4.69396829914689,4.293482265069464,0.7190098400856727,4.559440334281917,-7.205745402882845e-4
1978-07-01,1978 Q3,10.301827335701704,9.631751315598287,9.084674538818168,4.140270581106085,0.01683202519169043,0.02025,0.26333333333333336,1.01,52.203,4.693428285496134,4.294519680360638,0.7188636590645815,4.630252966355554,0.0034179748083095693
1978-10-01,1978 Q4,10.312280450736967,9.635615123683245,9.101514603537593,4.144710009149941,0.02028255551726207,0.023958333333333335,0.20666666666666667,0.9666666666666667,52.541,4.691714787388277,4.299677101656856,0.7144682622636291,4.565493368835193,0.0036757778160712642
1979-01-01,1979 Q1,10.311516039047453,9.642269872965947,9.095737408416205,4.144273885619064,0.018039852725939057,0.025183333333333335,0.18666666666666668,1.05,52.067,4.710079599914829,4.302374475726262,0.7107906157325405,4.620945105103454,0.007143480607394278
1979-04-01,1979 Q2,10.309985460456241,9.647178194068886,9.085241918146027,4.135563375735456,0.024200469296436253,0.02545,0.27666666666666667,1.28,51.971,4.707049649809262,4.298441200616076,0.7323198156344173,4.6338548198480005,0.0012495307035637476
1979-07-01,1979 Q3,10.314371286671152,9.6559667455128,9.080314831656748,4.1411652462148165,0.021642520421815678,0.027366666666666668,0.18666666666666668,1.29,51.9,4.709575245342881,4.29412395149797,0.7050757514252192,4.694279361059867,0.00572414624485099
1979-10-01,1979 Q4,10.313774350923506,9.666580120641546,9.059303169604318,4.141548152945612,0.01838528477074698,0.03394166666666667,0.09666666666666665,1.37,51.847,4.716487922120044,4.294506037144386,0.7066555305847376,4.681575517190497,0.01555638189591969
1980-01-01,1980 Q1,10.314072863338863,9.673518313820086,9.0480740927166,4.134287068843034,0.02077758833573645,0.037616666666666666,0.15666666666666665,1.4933333333333334,52.098,4.714248781014328,4.291048308827672,0.743555083103791,4.625854777180924,0.016839078330930218
1980-04-01,1980 Q2,10.290483144360632,9.662467459330554,8.948756673743407,4.112846913455595,0.023519667703624847,0.03171666666666667,0.7266666666666667,2.8800000000000003,51.566,4.723335370838392,4.293659794003733,0.7296237473699627,4.738301498591274,0.008196998963041824
1980-07-01,1980 Q3,10.286297970079486,9.667454937740787,8.908805351462055,4.106557866473408,0.022089750780808368,0.024591666666666664,0.6233333333333333,2.2133333333333334,51.775,4.728829257216629,4.2949834389962245,0.7200325093413273,4.831986982668597,0.002501915885858297
1980-10-01,1980 Q4,10.302062309939538,9.675553397339984,8.969640547599155,4.113933771792692,0.02572868246791713,0.03963333333333333,0.4066666666666667,2.2466666666666666,52.296,4.723424221817588,4.297883866561453,0.7078879988814438,4.910888620925971,0.013904650865416202
1981-01-01,1981 Q1,10.31943090493192,9.67475610399004,9.035719637292939,4.11912260013285,0.025995382021485443,0.041425000000000003,0.20333333333333334,2.2866666666666666,53.105,4.702360415572592,4.295242504588991,0.7272587101887131,4.912654885736052,0.01542961797851456
1981-04-01,1981 Q2,10.309719033572193,9.675107433295716,8.996743182380374,4.117212033197881,0.01961861788763454,0.04445,0.23333333333333334,2.02,52.42,4.7123280853835645,4.293809986181733,0.7085282825982477,4.876799093117625,0.024831382112365463
1981-07-01,1981 Q3,10.31890299149746,9.671242440584235,9.036308630232293,4.106707725556691,0.018642063156617948,0.04394166666666667,0.07333333333333333,1.63,52.925,4.704282220484515,4.295937559505866,0.7469248862404164,4.755140712564386,0.025299603510048722
1981-10-01,1981 Q4,10.30534616505018,9.66975996077813,8.989691566027874,4.099942495919899,0.01714448952740937,0.033966666666666666,0.53,2.5966666666666667,52.375,4.713118350792211,4.29520160395707,0.7400784752443775,4.808519109974122,0.016822177139257297
1982-01-01,1982 Q1,10.28755876795662,9.671142369184123,8.920839436906476,4.083911441754177,0.013664782945431478,0.03556666666666666,0.7166666666666667,2.7399999999999998,52.135,4.731379839981878,4.30932152420325,0.7493384602096879,4.718141664647253,0.021901883721235187
1982-04-01,1982 Q2,10.289905747724058,9.668790538960405,8.915371594701762,4.088048125570924,0.012907129556693486,0.036283333333333334,0.58,2.85,52.141,4.726210134363836,4.306548493497925,0.7347208924698736,4.696928611227632,0.023376203776639848
1982-07-01,1982 Q3,10.283532283297381,9.675973688820173,8.901365064715328,4.0830372517302465,0.014076717388961345,0.027516666666666665,0.6366666666666667,3.1333333333333333,52.239,4.727670964463507,4.3049700889773375,0.7237733741017061,4.790985632036302,0.01343994927770532
1982-10-01,1982 Q4,10.281444421227691,9.688825377363814,8.850627145389558,4.074837360947345,0.010309058896170318,0.023216666666666667,1.21,3.723333333333333,52.68,4.722810989307713,4.308756772746107,0.7259531322851228,4.946203433936867,0.012907607770496349
1983-01-01,1983 Q1,10.292518354180867,9.69745384312064,8.86637185131491,4.076117014125546,0.007528716249755468,0.02163333333333333,1.28,3.27,53.357,4.715807753483603,4.313011441509232,0.7206164225494902,5.030176449303092,0.014104617083577863
1983-04-01,1983 Q2,10.31294468191383,9.710774211909456,8.9362773358972,4.083770662675951,0.007393675940401812,0.022008333333333338,1.0266666666666668,2.7066666666666666,54.51,4.6991522114585225,4.3105037797618655,0.714859747465595,5.121818823056871,0.014614657392931527
1983-07-01,1983 Q3,10.330290057291649,9.726762090779673,8.978455716616615,4.104826779875972,0.010579828705658252,0.023649999999999997,0.7166666666666667,1.9,54.754,4.685440560051361,4.306265373513829,0.6914457339201877,5.112409386218662,0.013070171294341746
1983-10-01,1983 Q4,10.34858995368279,9.734395230975691,9.05205334199564,4.111997293901996,0.007552627372136728,0.023575,0.7233333333333333,1.92,55.048,4.686067912644082,4.3084070048001175,0.6936470556015963,5.105521141460061,0.016022372627863272
1984-01-01,1984 Q1,10.366025885670592,9.738583143539822,9.11837628606884,4.121805396358711,0.010065229359613724,0.024216666666666668,0.34,1.8,55.251,4.6908615254447446,4.306157497193926,0.7107414889608964,5.070035637377703,0.014151437307052943
1984-04-01,1984 Q2,10.381149283523685,9.750740103197932,9.141018060890698,4.133869189465037,0.008523022621300723,0.026391666666666667,0.013333333333333329,1.5,55.58,4.6866764375432295,4.307181852680907,0.725565966815446,5.031613700481447,0.017868644045365943
1984-07-01,1984 Q3,10.388318216025032,9.756574789747953,9.147479826381627,4.1304545573166855,0.008846269696034813,0.028475,0.12333333333333334,1.8433333333333333,55.83,4.688343373208845,4.314055562400834,0.734912729792413,5.112590016619249,0.019628730303965187
1984-10-01,1984 Q4,10.39405944727485,9.763367531308178,9.141533280418365,4.131742271497819,0.007462021613080506,0.02316666666666667,0.6066666666666667,1.8633333333333333,55.9,4.6900350942945135,4.313814708170002,0.7396490142113652,5.119429906488365,0.015704645053586163
1985-01-01,1985 Q1,10.401835654791006,9.778492772991951,9.123303366791408,4.136472632274283,0.009832701593086864,0.021191666666666668,0.6733333333333333,1.81,56.068,4.688490593054346,4.317514779847428,0.7619733714897978,5.1966168117216975,0.011358965073579804
1985-04-01,1985 Q2,10.408496290980555,9.787675073043433,9.13363507294842,4.136790176508141,0.0064160695037090085,0.01980833333333333,0.8166666666666667,2.2066666666666666,56.245,4.6888033632811705,4.31831443870228,0.7575763207156349,5.256713816692962,0.013392263829624322
1985-07-01,1985 Q3,10.421090160581143,9.800182002797685,9.140205507245549,4.135831417798856,0.0060098757212984485,0.01975,0.6933333333333334,2.1333333333333333,56.96,4.683565383415465,4.326579990214529,0.7699693231612298,5.204446150937966,0.01374012427870155
1985-10-01,1985 Q4,10.425994681075956,9.808072415348514,9.152185379447586,4.138986425506179,0.005574394148418277,0.020258333333333333,0.8166666666666667,2.216666666666667,57.189,4.696125442318202,4.335943428385798,0.7649560833063781,5.353184267988877,0.014683939184915056
1986-01-01,1986 Q1,10.4332919348999,9.816185274048193,9.154663558607211,4.138271879899762,0.004965217507225464,0.019566666666666666,1.0166666666666666,2.46,57.876,4.693345884891817,4.345038427623316,0.7823020918708383,5.476045054331764,0.014601449159441202
1986-04-01,1986 Q2,10.43567341342345,9.815274432416656,9.154686941250466,4.133863669495178,0.0037888400970275274,0.0173,1.4,2.67,58.33,4.696235003343803,4.361619824896219,0.7974621498245845,5.52481528567482,0.013511159902972473
1986-07-01,1986 Q3,10.442725690738797,9.819826427608872,9.163065300967581,4.1353001252842905,0.004079474428078061,0.015516666666666665,1.5233333333333334,2.873333333333333,58.579,4.703067924264551,4.36837132385088,0.798812649714727,5.443802033290018,0.011437192238588603
1986-10-01,1986 Q4,10.445695557530787,9.828139327816261,9.156543307479655,4.138225493881951,0.005437323358372066,0.015666666666666666,1.4133333333333333,2.83,58.458,4.714661159547802,4.375442506796866,0.7929020136969376,5.48963995887241,0.0102293433082946
1987-01-01,1987 Q1,10.451175341034686,9.840874582488318,9.153314071622928,4.146565084143248,0.006330035361365422,0.01555,1.1733333333333333,2.466666666666667,58.191,4.717909411883741,4.368345979805462,0.7744506316239801,5.675725876873676,0.009219964638634576
1987-04-01,1987 Q2,10.459812216373336,9.850883004462204,9.162752998056005,4.150612984454373,0.006906507356349231,0.016625,0.8233333333333334,2.013333333333333,58.594,4.712875949401256,4.365172905101721,0.7939874954860169,5.717027701406222,0.00971849264365077
1987-07-01,1987 Q3,10.465984899076615,9.857035126265353,9.170340246628836,4.1538951863723765,0.007540720355809522,0.017108333333333333,0.88,2.0300000000000002,58.604,4.715055449517334,4.365439831069483,0.8005206688282748,5.774023455819012,0.009567612977523812
1987-10-01,1987 Q4,10.480522176412455,9.863096597737135,9.203389965948249,4.159223941056388,0.007935030411477648,0.017291666666666667,1.09,2.256666666666667,59.173,4.713899022478673,4.3693592409462,0.8033011890518376,5.509712170827698,0.009356636255189019
1988-01-01,1988 Q1,10.483689974079939,9.875442727783323,9.181048688892592,4.15560485553428,0.007803772273524242,0.016658333333333334,1.14,2.336666666666667,59.379,4.720808701581985,4.37997453054775,0.8289884034713584,5.556403261059811,0.008854561059809092
1988-04-01,1988 Q2,10.494657376983609,9.884119443159,9.189908007858463,4.160351264537298,0.009686880470786538,0.017891666666666667,0.9,2.0700000000000003,59.525,4.721334133851161,4.381514003300869,0.8334307260070014,5.611301621862036,0.008204786195880128
1988-07-01,1988 Q3,10.497891165957215,9.89520748337992,9.178717249558812,4.1616677756284925,0.011885552351047903,0.019958333333333335,0.8633333333333333,1.9733333333333332,59.686,4.71926643378648,4.382601469424724,0.8417826796990935,5.605471129189412,0.008072780982285432
1988-10-01,1988 Q4,10.508650155427521,9.903596981378668,9.193153681525516,4.169369313439775,0.008613808455066384,0.021175000000000003,0.5533333333333333,1.5566666666666666,59.827,4.712911864426311,4.380763337049352,0.8410498104834407,5.626613411885073,0.012561191544933618
1989-01-01,1989 Q1,10.516752429223827,9.909811947695903,9.210036373151196,4.176052192263887,0.01035848640458366,0.023608333333333332,0.48,1.4366666666666668,59.86,4.7100615916310185,4.373502910732993,0.8349939047881818,5.686534581246648,0.013249846928749672
1989-04-01,1989 Q2,10.522099746707825,9.915663227793589,9.198828852079167,4.177668772054999,0.010595494644084345,0.024316666666666667,0.7133333333333333,1.5933333333333333,60.05,4.698724279320207,4.3626654099452535,0.826978528193466,5.761988487720563,0.013721172022582322
1989-07-01,1989 Q3,10.526721795621047,9.91968403359104,9.193931907019206,4.17956449166175,0.007277614074792135,0.022708333333333334,0.86,1.78,60.341,4.695915416794763,4.364473475426292,0.8366412801986747,5.8555016292920445,0.015430719258541198
1989-10-01,1989 Q4,10.525970823344906,9.928395305368621,9.174478875864091,4.17571351144888,0.007096183468421957,0.021533333333333335,0.9833333333333334,1.9066666666666667,60.351,4.704816406113138,4.369966705181441,0.8336914255522537,5.867600559885596,0.014437149864911378
1990-01-01,1990 Q1,10.534573141833395,9.934433000717165,9.187060430298866,4.1766163467901025,0.010734014211248014,0.020625,0.77,1.6733333333333333,60.914,4.7052417397123065,4.373364224095228,0.8366845955561415,5.828769131449206,0.009890985788751987
1990-04-01,1990 Q2,10.535078427396968,9.93937385765495,9.164181618821344,4.1687549095766325,0.011140190164112652,0.02060833333333333,0.72,1.6333333333333333,61.339,4.707844095950587,4.383650315789979,0.8394960768950823,5.880588850762045,0.009468143169220677
1990-07-01,1990 Q3,10.532229536403737,9.947848140024652,9.139648577661871,4.161128455394245,0.008536197073304093,0.0204,0.7000000000000001,1.7133333333333334,61.542,4.709259894512472,4.380688239422402,0.84070474491756,5.723748487297079,0.011863802926695909
1990-10-01,1990 Q4,10.519537682711107,9.946923340769533,9.083544627853366,4.1554245525722235,0.007409862823809074,0.01935833333333333,0.8966666666666667,2.2,60.909,4.7182399091958755,4.373011116746927,0.8380264418780298,5.799759099003687,0.011948470509524259
1991-01-01,1991 Q1,10.51178465517968,9.938504880833875,9.047976539867204,4.146057472395207,0.009754217445546665,0.016066666666666667,0.9166666666666666,2.1866666666666665,61.092,4.711860816650616,4.373477696411257,0.8445798843201546,5.927512520615465,0.006312449221120002
1991-04-01,1991 Q2,10.516346161867236,9.942525389816845,9.041412729634594,4.141782255194809,0.00731471707296361,0.014658333333333334,0.78,1.79,62.086,4.709575245342881,4.38795900332699,0.855351060434799,5.916633236484978,0.007343616260369724
1991-07-01,1991 Q3,10.517835002606233,9.941924546908059,9.051269363101527,4.139967061317228,0.007776112570239504,0.014108333333333334,0.8466666666666667,1.7433333333333334,62.618,4.706353991322406,4.3938193267428325,0.8526691235768302,5.960644449768095,0.00633222076309383
1991-10-01,1991 Q4,10.517889100523476,9.942176478797494,9.058844456805735,4.137105280879467,0.005928021523051403,0.012041666666666666,1.1,2.0533333333333332,62.913,4.711465264805693,4.399792876217826,0.8490392005169196,6.0333020258495615,0.006113645143615263
1992-01-01,1992 Q1,10.526855838488157,9.958445225359801,9.049968164083815,4.136727352038692,0.0037078500196309613,0.010058333333333334,0.9766666666666667,1.9,64.158,4.715315237478071,4.420032668094653,0.892243910715602,6.000647256682635,0.006350483313702373
1992-04-01,1992 Q2,10.534307099477882,9.963019144485889,9.081816439513034,4.140622833123586,0.0059905018590450205,0.009425,0.9,1.7533333333333334,64.703,4.712004614901918,4.422532579255616,0.8864086773922344,6.011610252800939,0.003434498140954979
1992-07-01,1992 Q3,10.54046112829013,9.970804527643368,9.087805675488976,4.139837146718771,0.004873419843879405,0.008141666666666667,1.3633333333333333,2.086666666666667,65.292,4.709737387055093,4.427752585122446,0.8889195350780231,6.035002849122465,0.0032682468227872618
1992-10-01,1992 Q4,10.54736570428927,9.978946427036334,9.106201517764376,4.1392812228994105,0.006853793446755014,0.007591666666666667,1.28,2.1266666666666665,65.686,4.7014980296150695,4.42558887129901,0.8855428229253747,6.076976884432196,7.378732199116531e-4
1993-01-01,1993 Q1,10.546104305546345,9.980295219650248,9.116887285133336,4.141682446844581,0.005592880372114292,0.0076,1.4533333333333334,2.123333333333333,65.117,4.6958149542101415,4.412980094995531,0.8559885580657731,6.11295182469226,0.0020071196278857078
1993-04-01,1993 Q2,10.54888777459834,9.984096653404348,9.126761952093494,4.148305610507379,0.005925640551060173,0.0075,1.4166666666666667,2.15,64.716,4.703494002043789,4.412943737308603,0.8468977803658638,6.110424667506004,0.0015743594489398272
1993-07-01,1993 Q3,10.55022423527341,9.990080307568922,9.123583929241189,4.15178265293258,0.0059341327734006195,0.0076500000000000005,1.2766666666666666,2.006666666666667,65.019,4.696590993799716,4.409921431867398,0.8312120315158404,6.128897692983784,0.001715867226599381
1993-10-01,1993 Q4,10.560541125447834,9.993664166426482,9.159020226406001,4.155177768567546,0.005438833889957832,0.007475000000000001,1.2366666666666666,1.9466666666666665,65.273,4.694498875932881,4.410431859179049,0.8473692864077332,6.14515083340697,0.002036166110042169
1994-01-01,1994 Q1,10.567514834522221,9.999579453999397,9.187712321746032,4.158557856274258,0.0047652628532240905,0.008033333333333333,1.0933333333333333,1.78,65.474,4.682260848352655,4.401866026000138,0.831865099871768,6.099803123936366,0.003268070480109243
1994-04-01,1994 Q2,10.57803787856365,10.004644931337493,9.2200069350507885,4.167700712434158,0.0048139167750698075,0.00985,0.8633333333333334,1.5133333333333334,65.509,4.685117504496842,4.404228342657568,0.8281150409704298,6.096432485717521,0.005036083224930192
1994-07-01,1994 Q3,10.580657778572933,10.010064631341779,9.209681296398768,4.170191836981309,0.005726440327500976,0.011216666666666666,0.84,1.5066666666666666,65.146,4.684314028264679,4.396508760622282,0.8255779677404349,6.137100507955185,0.00549022633916569
1994-10-01,1994 Q4,10.588980514159214,10.013922384082534,9.242433519290584,4.1757266169546465,0.0054120256164731885,0.012916666666666667,0.7333333333333333,1.37,65.838,4.676355319378613,4.399915667509622,0.8394960768950823,6.129638272412099,0.007504641050193478
1995-01-01,1995 Q1,10.589836678595073,10.016808438414108,9.23919949617449,4.17352894181138,0.005396909883796792,0.014525000000000001,0.7966666666666667,1.3933333333333333,65.89,4.677407123132692,4.399841994543883,0.8435479812274704,6.216027091175606,0.009128090116203209
1995-04-01,1995 Q2,10.58998769037428,10.024513757638422,9.22233022027859,4.164000628698321,0.0047961722634930135,0.01505,1.04,1.6133333333333333,66.199,4.676643977446516,4.400406681955311,0.8609471408348796,6.300326973824729,0.010253827736506986
1995-07-01,1995 Q3,10.595233752180444,10.027788680517332,9.22187596494257,4.169172259189898,0.0049121001591416495,0.014491666666666667,1.11,1.73,66.186,4.679015266445962,4.401056904955628,0.863775638762854,6.3706027912975625,0.009579566507525016
1995-10-01,1995 Q4,10.598932092144757,10.030709086660922,9.235144843443015,4.168462222383731,0.004805204950395962,0.0143,1.0933333333333335,1.7466666666666666,66.564,4.679154579077664,4.404313917752822,0.8677725307194296,6.4231333207127825,0.009494795049604038
1996-01-01,1996 Q1,10.603908217062571,10.03860996365155,9.241752365826992,4.163800081459216,0.004809722411981329,0.013408333333333333,1.14,1.8,66.984,4.680620827785944,4.407596910785411,0.8949036499925073,6.470025210286697,0.008598610921352005
1996-04-01,1996 Q2,10.617613139481264,10.047919432830952,9.27349489321749,4.170151849810087,0.004129714388598889,0.013108333333333333,0.89,1.5766666666666667,67.623,4.676206301961927,4.408266829628485,0.8826098455052663,6.508217569088763,0.008978618944734444
1996-07-01,1996 Q3,10.623276664042494,10.052538093421557,9.294744721054952,4.176345571433183,0.003266971664480937,0.013266666666666666,0.8099999999999999,1.5133333333333334,67.878,4.676690527396948,4.410990599840752,0.882278829282449,6.532814526236512,0.00999969500218573
1996-10-01,1996 Q4,10.630432112679363,10.058720644848357,9.293655959774828,4.180201658900745,0.005335378510147036,0.0132,0.8866666666666667,1.5733333333333335,67.933,4.676476379680761,4.408571189895994,0.8895770783557316,6.607649686531299,0.007864621489852964
1997-01-01,1997 Q1,10.634219493423345,10.063843015955893,9.311545610911065,4.181924667474737,0.005941482543533737,0.013191666666666666,0.8633333333333333,1.5066666666666666,67.782,4.684166192214589,4.414602724980286,0.8799171617597958,6.6295217613499675,0.007250184123132929
1997-04-01,1997 Q2,10.647850524480344,10.068899059928045,9.332727750814529,4.185100305674711,0.002022054556480219,0.013808333333333334,0.8766666666666667,1.49,68.787,4.675237147100868,4.4211872498674705,0.8935951239419667,6.785745824587275,0.011786278776853116
1997-07-01,1997 Q3,10.656953425768018,10.07821019747754,9.351489453505431,4.1880050328149725,0.004326916906919528,0.013833333333333333,0.9266666666666666,1.5133333333333334,69.364,4.673417446242727,4.426880490307507,0.9121622212903749,6.853594720022701,0.009506416426413804
1997-10-01,1997 Q4,10.662399065120399,10.086147313915681,9.359339392078471,4.18807358258544,0.003279722891957023,0.013766666666666667,0.97,1.53,69.718,4.684073783583557,4.439670347403939,0.9095077795773227,6.877739272238541,0.010486943774709644
1998-01-01,1998 Q1,10.669769017083574,10.09365169055393,9.383589779562444,4.188978991257304,0.0014556918107060217,0.0138,1.08,1.6666666666666665,70.12,4.6943433912089425,4.454777436288157,0.9168505751326691,7.004655103722096,0.012344308189293978
1998-04-01,1998 Q2,10.67625427432424,10.104426327228339,9.384598425074676,4.188401798017063,0.002359324754964693,0.01375,1.04,1.6566666666666665,70.504,4.700725790218832,4.464470303884956,0.9354657112601961,7.03336538085865,0.011390675245035307
1998-07-01,1998 Q3,10.685583814855978,10.11239733460026,9.401894775827973,4.184496019375066,0.004291139350750782,0.013833333333333333,1.2866666666666666,1.9233333333333333,71.464,4.70044400149488,4.4764273100953655,0.9518509072727059,6.924622228841909,0.009542193982582551
1998-10-01,1998 Q4,10.698581930003753,10.118458667615611,9.433209603749942,4.194539877961186,0.0027536191724396543,0.012150000000000001,1.6633333333333333,2.58,72.018,4.699143108425847,4.4779048349422155,0.9462766273644116,7.1141432360763055,0.009396380827560346
1999-01-01,1999 Q1,10.705489138008156,10.127360098712009,9.446150089841977,4.192361029962512,0.003760717516294209,0.011833333333333333,1.4366666666666665,2.42,72.969,4.701434455958156,4.492023884048231,0.9702105738635856,7.159579577257243,0.008072615817039124
1999-04-01,1999 Q2,10.710409747354918,10.13749894222037,9.450995139070907,4.19073908535412,0.0036154042286649516,0.011866666666666668,1.3933333333333333,2.2,73.148,4.700098474699476,4.488400386834186,0.9654998558867018,7.224542167144024,0.008251262438001717
1999-07-01,1999 Q3,10.720245200685072,10.147022152685482,9.467005453744157,4.191014267946544,0.003419299428053309,0.012733333333333334,1.4433333333333334,2.216666666666667,73.848,4.696965103582488,4.489837894802717,0.9696798285330587,7.156730306330612,0.009314033905280026
1999-10-01,1999 Q4,10.73408966854992,10.16138753203359,9.48169160589386,4.193370336819642,0.005360824133967372,0.013266666666666666,1.3466666666666667,2.1,74.976,4.696946857571521,4.502018340532621,0.9911384303628767,7.29250734549276,0.007905842532699294
2000-01-01,2000 Q1,10.735178542544132,10.171496307232365,9.487151037889964,4.195377858652703,0.006780390145591703,0.014191666666666667,1.2333333333333334,1.8499999999999999,74.87,4.729580104163053,4.52683019453684,0.9947321581807177,7.312273272051751,0.007411276521074964
2000-04-01,2000 Q2,10.750835411673373,10.182604039276784,9.514941070279068,4.192991638301277,0.006041458273619697,0.015683333333333334,1.59,2.4166666666666665,76.387,4.707627491406459,4.521538545793831,1.0094167098636389,7.28248622772044,0.009641875059713638
2000-07-01,2000 Q3,10.749463110495258,10.190977444185549,9.504505922218465,4.1867400640229375,0.005685980972804751,0.0163,1.7133333333333334,2.4266666666666667,76.329,4.7220372467119365,4.531588229310122,1.0117099966375904,7.269971839759542,0.010614019027195248
2000-10-01,2000 Q4,10.75301863171864,10.198605387217109,9.50041371147142,4.1852951862463055,0.005272822853830435,0.016183333333333334,1.8366666666666667,2.6466666666666665,77.159,4.713145280653389,4.530306543772269,1.028583166172777,7.1855991142980145,0.0109105104795029
2001-01-01,2001 Q1,10.747874036118608,10.20080757918404,9.463155605017919,4.1808836190867655,0.006091440821610721,0.013983333333333334,2.0266666666666664,2.83,76.824,4.735355988361517,4.543241589365925,1.0307616217599351,7.056459726401484,0.007891892511722613
2001-04-01,2001 Q2,10.7513495394883,10.201749597177786,9.452826359918012,4.169004666640123,0.006029460574438339,0.010816666666666665,1.9533333333333334,2.7666666666666666,78.223,4.717042454091395,4.539777967221039,1.0454927663374483,7.110524679711841,0.004787206092228326
2001-07-01,2001 Q3,10.744580487844381,10.199025823424266,9.437968948634891,4.159680773798623,0.004020370253937027,0.008741666666666667,2.1266666666666665,2.9699999999999998,78.54,4.713055511629029,4.538474673549824,1.0470382531220617,6.947139440315499,0.004721296412729639
2001-10-01,2001 Q4,10.74475296854853,10.199346840366099,9.42413198307717,4.150695659809948,0.0032944025003480318,0.005333333333333333,2.1533333333333333,3.1533333333333333,79.544,4.707293467452934,4.548652743152919,1.061913725552069,7.045846260862676,0.0020389308329853014
2002-01-01,2002 Q1,10.751285287964983,10.20273125360691,9.433641216429482,4.147744002147952,0.0032960023868651945,0.004333333333333333,1.5466666666666666,2.88,81.271,4.690760553822274,4.549890007159915,1.07881766133993,7.045245076773334,0.0010373309464681386
2002-04-01,2002 Q2,10.755090418788047,10.211415851038767,9.43533742213757,4.151317491733103,0.0035697944376006058,0.004375,1.6133333333333333,2.9233333333333333,81.377,4.693574758696378,4.5506189587169175,1.0761962493837776,6.897523108415888,8.052055623993947e-4
2002-07-01,2002 Q3,10.757008864157203,10.214449153701871,9.43651566244346,4.149168724018666,0.004604520063158714,0.00435,2.09,3.3666666666666667,81.994,4.688766571860925,4.550259831603186,1.0819068600964052,6.703531612520438,-2.5452006315871464e-4
2002-10-01,2002 Q4,10.756114047641395,10.220717332555369,9.426279936291289,4.14473654874519,0.005649454994339701,0.003608333333333333,2.2733333333333334,3.5933333333333333,81.956,4.688214538062439,4.547127852194214,1.080991279910707,6.779717341095433,-0.0020411216610063676
2003-01-01,2003 Q1,10.759561079588272,10.22934491306393,9.421744609651835,4.138906132600592,0.004533271040929876,0.003125,2.0833333333333335,3.2,82.817,4.680184889793537,4.543028789450242,1.0838031730144015,6.743092877417999,-0.0014082710409298758
2003-04-01,2003 Q2,10.765913264918073,10.232297467727397,9.431963897367742,4.137492723054034,0.0029338207554075227,0.0031166666666666665,1.69,2.8533333333333335,83.859,4.68401833430577,4.561730184141988,1.100410670609489,6.881924518947615,1.8284591125914372e-4
2003-07-01,2003 Q3,10.780267929314824,10.24322416437488,9.458985206903439,4.1319424768414175,0.005406794681818918,0.0025416666666666665,1.4633333333333334,2.5733333333333333,85.763,4.674005711763522,4.5692631764495335,1.1154366290584123,6.90371713664904,-0.002865128015152251
2003-10-01,2003 Q4,10.789298458156308,10.247238542890218,9.480179342214003,4.135424639593211,0.0058946727013097595,0.0024916666666666668,1.37,2.3766666666666665,86.588,4.675423595995766,4.579123907605453,1.1077702264528753,7.013843529776502,-0.0034030060346430927
2004-01-01,2004 Q1,10.792674266718224,10.255126946532672,9.483289793404673,4.138965934567097,0.007412275511223687,0.0025083333333333333,1.4366666666666665,2.2533333333333334,86.282,4.667214975359619,4.568775874794988,1.1052899434213501,7.026613292198607,-0.004903942177890353
2004-04-01,2004 Q2,10.798084670325027,10.25957749742388,9.506682252326874,4.1342229598820746,0.008127228023935723,0.002525,1.3266666666666667,2.063333333333333,87.095,4.67158507065407,4.580170276186768,1.1186763197038514,7.0395201121589395,-0.005602228023935724
2004-07-01,2004 Q3,10.805009764705105,10.26634046187592,9.519889832584319,4.136250799903597,0.006510992569919027,0.0035833333333333333,1.34,2.146666666666667,87.492,4.677872170203837,4.591537684256795,1.128559365036062,7.016232931317529,-0.0029276592365856937
2004-10-01,2004 Q4,10.81249180235931,10.275377110768575,9.536913969355846,4.136594688992479,0.007682976047824438,0.004875,1.3133333333333335,2.013333333333333,87.917,4.668332760945732,4.585110325610319,1.1361007330791013,7.0999611578500685,-0.002807976047824438
2005-01-01,2005 Q1,10.82139697362574,10.27821092222441,9.554807935980131,4.1344149031375474,0.00789066457901477,0.006174999999999999,1.0233333333333334,1.67,88.911,4.655796758165776,4.5872098606110985,1.1412885629485459,7.073769592501361,-0.0017156645790147715
2005-04-01,2005 Q2,10.823849983780336,10.285207143480479,9.550769728178299,4.141322882419706,0.006978636868494871,0.007358333333333333,0.9866666666666667,1.8133333333333335,88.688,4.656262460172434,4.586007753723335,1.1412246794719854,7.082825609061898,3.7969646483846167e-4
2005-07-01,2005 Q3,10.830183957124165,10.29518550305565,9.558002092670042,4.141916531595049,0.009005719439941362,0.00865,0.88,1.7666666666666666,89.388,4.650831651355974,4.583486791156933,1.1424377682081392,7.113801500381127,-3.55719439941362e-4
2005-10-01,2005 Q4,10.833977003810096,10.301766531067043,9.568207226334376,4.142900658194351,0.008010390477404863,0.00995,0.89,1.8466666666666667,89.465,4.648124305912689,4.580447072932586,1.1384097585421757,7.129529893730101,0.0019396095225951374
2006-01-01,2006 Q1,10.84499758754313,10.30611404146097,9.586307399708431,4.147311525721805,0.006959644299256644,0.011141666666666668,0.8200000000000001,1.7366666666666666,90.125,4.654712448213244,4.595311750912377,1.147211958504172,7.16611924522276,0.004182022367410024
2006-04-01,2006 Q2,10.845075592184445,10.311087999347299,9.574329643345866,4.148017221608873,0.008325977500206595,0.012266666666666669,0.8233333333333334,1.6666666666666665,90.022,4.6480476665487584,4.5864765435408374,1.1356190142972054,7.146929647368874,0.003940689166460074
2006-07-01,2006 Q3,10.844041536545962,10.315270291575215,9.567737902907787,4.1509528674318785,0.006976011610090971,0.013116666666666667,0.7833333333333333,1.6966666666666665,89.74,4.647884788395628,4.578846744318576,1.1276531574525237,7.197323072344129,0.0061406550565756965
2006-10-01,2006 Q4,10.849958252911415,10.31700666876031,9.554974178241231,4.154769466699362,0.003684586288391987,0.013116666666666667,0.7566666666666667,1.65,90.494,4.656594971730275,4.600378725251961,1.1332391328111635,7.257214250300562,0.00943208037827468
2007-01-01,2007 Q1,10.850113484206355,10.3209711186681,9.54260404671873,4.15201423494441,0.009785146259008918,0.013141666666666668,0.6833333333333333,1.6166666666666667,90.744,4.669955551657044,4.614833346899047,1.1309181234200252,7.2590176010759855,0.0033565204076577496
2007-04-01,2007 Q2,10.853580497818749,10.32281435309254,9.544677393695634,4.1481465207530075,0.006445359225887214,0.013125,0.73,1.6466666666666667,91.131,4.659213196438972,4.603258359612135,1.1236300516433975,7.315451230241661,0.006679640774112786
2007-07-01,2007 Q3,10.856418748505275,10.32718580808583,9.535134211173801,4.143949243652131,0.005133009968099125,0.012683333333333333,1.0233333333333334,1.9,92.017,4.6494167101076505,4.600569619592523,1.121351775637599,7.330896572103244,0.007550323365234208
2007-10-01,2007 Q4,10.859940861562688,10.334622250215391,9.518345420201273,4.140794026705882,0.003969433087269753,0.011241666666666667,1.27,2.25,92.744,4.650726555647125,4.59958461569348,1.1277179138067635,7.291901410717735,0.0072722335793969145
2008-01-01,2008 Q1,10.85199374877264,10.340043636420631,9.48045588121702,4.140343653874763,0.003686363573187831,0.007941666666666666,1.7933333333333334,3.0866666666666664,91.998,4.666086529955364,4.598367097368352,1.111758826337997,7.1874303810320015,0.004255303093478835
2008-04-01,2008 Q2,10.854952359417938,10.347694167544939,9.462403342531,4.135021603994522,0.005344611317350231,0.005216666666666666,1.7133333333333334,3.1033333333333335,92.902,4.652168269148674,4.5864765435408374,1.1138949121992665,7.154615356913663,-1.2794465068356482e-4
2008-07-01,2008 Q3,10.847082118937628,10.345653029356946,9.429363020898709,4.124515305162763,0.007420004363198653,0.00485,1.79,3.3433333333333333,93.125,4.65066922605931,4.580036976349094,1.1194601211809478,7.061643067113544,-0.0025700043631986524
2008-10-01,2008 Q4,10.822853550927212,10.322679687543996,9.343336277593988,4.10779358828138,0.0031211143242869145,0.0012666666666666668,2.5633333333333335,5.586666666666667,92.541,4.665766572111785,4.613713586985385,1.1166159131076845,6.80599937002775,-0.0018544476576202477
2009-01-01,2009 Q1,10.809546113844034,10.311938570763399,9.24774088554162,4.083163636486732,-1.0528421483497936e-4,4.583333333333333e-4,2.5366666666666666,5.476666666666667,93.416,4.628105157270587,4.5940485694475806,1.131240808159837,6.681945676910808,5.636175481683127e-4
2009-04-01,2009 Q2,10.80604440495564,10.312921149262525,9.192340411468534,4.0674221746145784,-0.0014540552784746248,4.5e-4,2.2,4.67,95.344,4.637317867198409,4.613326829938363,1.1624005284149768,6.82363426631673,0.0019040552784746249
2009-07-01,2009 Q3,10.807381764073732,10.32032428133504,9.195325226026368,4.055655091239406,0.0010538741385152696,3.916666666666667e-4,1.75,3.1433333333333335,96.801,4.6275283685987585,4.610943488359933,1.1628070007101066,6.963265668909704,-6.622074718486029e-4
2009-10-01,2009 Q4,10.815991122155705,10.323910989432044,9.235958907312755,4.05092343314822,0.003375450767157785,3e-4,1.74,2.8666666666666667,98.125,4.618066667723111,4.608933097348619,1.167858461404924,7.016699365971316,-0.003075450767157785
2010-01-01,2010 Q1,10.817836400172942,10.327915503008137,9.24670605949375,4.054002371171978,0.0025162784956137005,3.333333333333333e-4,1.5766666666666667,2.57,98.592,4.60215564682722,4.600740388908705,1.157981220474943,7.064271729594139,-0.002182945162280367
2010-04-01,2010 Q2,10.825203541055348,10.329032433795248,9.28295801757543,4.062201049893606,0.0046384889008279475,4.8333333333333334e-4,1.5533333333333332,2.6866666666666665,98.882,4.606189666141557,4.6121755907405415,1.1534160807087837,6.938003164139856,-0.0041551555674946145
2010-07-01,2010 Q3,10.83057973810414,10.33295500002441,9.30777451482423,4.065122205963328,0.0029037566262262414,4.6666666666666666e-4,1.7933333333333332,2.9899999999999998,99.432,4.603428670429788,4.6133367486544845,1.1609922317514696,7.039835619339345,-0.002437089959559575
2010-10-01,2010 Q4,10.833602291003352,10.336627170959373,9.308648310844024,4.061983357897118,0.005606668053802394,4.6666666666666666e-4,1.9933333333333334,3.0500000000000003,99.73,4.600459106257972,4.610267174245935,1.153321409140163,7.136992227784899,-0.005140001387135728
2011-01-01,2011 Q1,10.829570186872752,10.343080416292443,9.294712995797106,4.06059661746611,0.005359566749610789,3.916666666666667e-4,1.67,2.63,99.005,4.6206596031842215,4.617227207101302,1.1472754606473907,7.1897939573986225,-0.004967900082944122
2011-04-01,2011 Q2,10.835041211076195,10.3488101657476,9.312398238786129,4.062528954026397,0.006546986833893208,2.3333333333333333e-4,1.8266666666666667,2.64,99.261,4.605750017853101,4.599966671156493,1.1441591036240801,7.185871746564217,-0.006313653500559875
2011-07-01,2011 Q3,10.83281296268074,10.349348541443874,9.31383060900113,4.063009768739816,0.006423231143670581,2.0833333333333335e-4,2.0366666666666666,3.0366666666666666,98.835,4.610376609015461,4.6001676943653,1.1411927362032281,7.031228759966886,-0.006214897810337248
2011-10-01,2011 Q4,10.842420014891108,10.349506777334021,9.36814196394253,4.068681371922424,0.0015208665785876021,1.8333333333333334e-4,1.8800000000000001,3.2066666666666666,99.483,4.5868941927928475,4.582351815907411,1.1481957888569376,7.136960421674942,-0.0013375332452542688
2012-01-01,2012 Q1,10.848598950218477,10.355560183040831,9.38468687804103,4.069939377062435,0.006231619525674603,2.5833333333333334e-4,1.8599999999999999,3.163333333333333,99.854,4.602326145536356,4.599795769650637,1.160960913732645,7.2502592878350685,-0.005973286192341269
2012-04-01,2012 Q2,10.851276951469654,10.354788434594182,9.396403560333747,4.067711504076914,0.003949099001157162,3.833333333333334e-4,1.9766666666666666,3.27,100.326,4.598508043114541,4.603178203307298,1.1606163507760183,7.216826954112388,-0.0035657656678238286
2012-07-01,2012 Q3,10.850714777975867,10.35194231159798,9.393437016488388,4.067895624081632,0.005121598887447578,3.5833333333333333e-4,1.8133333333333335,3.23,100.084,4.596815381605338,4.599061566303683,1.153384524515089,7.272863562139682,-0.004763265554114245
2012-10-01,2012 Q4,10.849938847305134,10.353962029458284,9.390654966481046,4.071770044999787,0.005095501714779285,4e-4,1.8333333333333333,2.8666666666666667,99.742,4.622646580289327,4.61873772920963,1.1500655702570253,7.2627618319303,-0.004695501714779285
2013-01-01,2013 Q1,10.857285992746686,10.35573733004601,9.417593384312712,4.068935528958322,0.003982648074655932,3.5833333333333333e-4,1.9266666666666665,2.86,100.33,4.6006198488892736,4.600077238922082,1.1513628540536387,7.358314841641118,-0.0036243147413225984
2013-04-01,2013 Q2,10.856977725399389,10.353277228253972,9.421721288909112,4.068692370350265,0.00288295603736895,2.916666666666667e-4,1.9666666666666666,2.84,99.996,4.608554452891236,4.608524553800665,1.1500022450504057,7.381676225511917,-0.002591289370702283
2013-07-01,2013 Q3,10.862856930775358,10.355265796781017,9.4419633484455,4.069718621712824,0.004789804042031503,2.0833333333333332e-4,1.7966666666666666,2.6933333333333334,100.475,4.596109259497578,4.600449058985555,1.1539208444269904,7.4274712660935744,-0.00458147070869817
2013-10-01,2013 Q4,10.868835079697146,10.361005563453752,9.442956781341213,4.0666426886438565,0.00586007008739589,2.1666666666666668e-4,1.8466666666666667,2.61,101.226,4.589172909153084,4.603709119149576,1.160553690208293,7.522054038424367,-0.005643403420729223
2014-01-01,2014 Q1,10.864675165292565,10.364467534078024,9.43743950525209,4.072050621241322,0.003680412309710158,1.8333333333333334e-4,1.6766666666666665,2.3533333333333335,100.356,4.6172568471232385,4.619457632596161,1.1562520681145243,7.534944264477532,-0.0034970789763768243
2014-04-01,2014 Q2,10.87545894023684,10.370443922163526,9.468752994353094,4.076032134497543,0.006239302529454769,2.3333333333333333e-4,1.5933333333333333,2.1966666666666668,101.198,4.595483420398548,4.60654923466321,1.164056649409079,7.580817092278725,-0.006005969196121435
2014-07-01,2014 Q3,10.885472387605645,10.377694288134256,9.482198412069867,4.079169480499263,0.004721353100888771,2.25e-4,1.62,2.243333333333333,102.127,4.58649692072247,4.609251844674339,1.170684857459761,7.586950583174021,-0.00449635310088877
2014-10-01,2014 Q4,10.888184317074343,10.384025212269046,9.487782864714479,4.084649430690656,0.001959071412406838,2.5e-4,1.5966666666666667,2.46,101.557,4.601704186344917,4.6218109571362165,1.1643063918634722,7.6299271385826986,-0.001709071412406838
2015-01-01,2015 Q1,10.894792988215729,10.38691812185011,9.50974623321839,4.083870086944841,-8.158133871545642e-4,2.75e-4,1.6033333333333333,2.533333333333333,102.298,4.60870393493623,4.641010190981895,1.1755733298042381,7.63428404272424,0.0010908133871545642
2015-04-01,2015 Q2,10.901358271402707,10.391966259282963,9.510421483286395,4.083037468413742,0.005649029317262485,3.0833333333333337e-4,1.73,2.6666666666666665,102.867,4.606958585847308,4.643178626173797,1.1812362773520657,7.631969832056943,-0.005340695983929152
2015-07-01,2015 Q3,10.90178214468937,10.396836574678295,9.50761616171267,4.08049712114922,0.0036120217489049897,3.416666666666667e-4,1.8666666666666667,3.0233333333333334,103.033,4.6073278565418905,4.644121632123032,1.1789626413217682,7.5600960898997585,-0.003270355082238323
2015-10-01,2015 Q4,10.900823566261407,10.400218454926629,9.49389162058675,4.0840820407890375,2.6633438439181104e-4,4e-4,1.8033333333333332,3.23,102.232,4.613326829938363,4.641820290263355,1.1662086299049188,7.622634596685315,1.3366561560818898e-4
2016-01-01,2016 Q1,10.90301588298034,10.406330571982783,9.486626024466869,4.087408071330994,-8.563273596547758e-4,9e-4,2.006666666666667,3.3866666666666667,102.356,4.6137433313327225,4.642860883109718,1.1733795672411051,7.630335040225788,0.0017563273596547758
2016-04-01,2016 Q2,10.907037963903628,10.412688212801173,9.483192973688126,4.085220469887531,0.006858535752262777,9.333333333333333e-4,1.8366666666666667,2.9133333333333336,102.6,4.605370165990758,4.637530884492346,1.1663332404969804,7.649149619168371,-0.005925202418929444
2016-07-01,2016 Q3,10.909929726232107,10.417349326633182,9.483576940817828,4.08678388648127,0.003717862267880358,9.916666666666667e-4,1.7733333333333334,2.6933333333333334,102.907,4.603939428917229,4.638034199607264,1.1702195175205445,7.681684893550618,-0.002726195601213691
2016-10-01,2016 Q4,10.912503307392482,10.421941756096542,9.494415887821482,4.083895104649201,0.005148161606157672,0.0011250000000000001,1.68,2.51,103.262,4.607687016112366,4.643284518096749,1.1746160816649376,7.713708686963158,-0.004023161606157672
2017-01-01,2017 Q1,10.915506558619143,10.425424702447721,9.50032024692122,4.087752682841207,0.005187048710274847,0.0017500000000000003,1.5166666666666666,2.216666666666667,103.376,4.6148036349563295,4.647875206501575,1.1792086891793176,7.767568776725463,-0.003437048710274847
2017-04-01,2017 Q2,10.921468071178648,10.429769760450254,9.512502393895122,4.092606026384886,0.0028391259675079523,0.0023750000000000004,1.5366666666666666,2.2333333333333334,103.805,4.612056421351045,4.6502104709977905,1.1799464697230815,7.792930918222845,-4.641259675079519e-4
2017-07-01,2017 Q3,10.92669359075441,10.432328377208966,9.525607869548773,4.093921647860274,0.0047942153335637765,0.0028833333333333332,1.41,2.09,104.392,4.613822645267231,4.657477965611436,1.1843617586768205,7.8317601799961025,-0.0019108820002304433
2017-10-01,2017 Q4,10.930675444525871,10.439357082320196,9.5299994484038,4.093616721716768,0.006702926152468461,0.0030083333333333333,1.19,1.9,104.31,4.612354318201499,4.654626794700683,1.1808679306108392,7.891184898109419,-0.003694592819135128
